source,file,episodes,successes,record_ids
Q-ranking regeneration,data/metrics_PickCube-v1_170m_seed142_logpi.jsonl,15,0,"[""data/metrics_PickCube-v1_170m_seed142_logpi.jsonl:26:d9782b1e13d2ad5f93e63821826851ba887584607802f395493880ed6c12bd71"", ""data/metrics_PickCube-v1_170m_seed142_logpi.jsonl:52:0ed9d521cfe9e3f2f842f51bc59ab37f73f59cf21bf6a3dcdea89103a722f42c"", ""data/metrics_PickCube-v1_170m_seed142_logpi.jsonl:78:60e32b5579f22546e52577dc6ccfcb65fa05f90c6d62c331f1e2fabc18f6db0e"", ""data/metrics_PickCube-v1_170m_seed142_logpi.jsonl:104:9b84b74e2608bd6221e5650c8b6046de6048bd5b13d26080ac769ac3a1c0b718"", ""data/metrics_PickCube-v1_170m_seed142_logpi.jsonl:130:f7a0bd34d3f76febe9a3ed23753a95a0cdead2acd5647e527b299128b220175e"", ""data/metrics_PickCube-v1_170m_seed142_logpi.jsonl:156:91fe5741edf341a510a365353b39ab54b733c8cb57e8089797f4608e53b4ed33"", ""data/metrics_PickCube-v1_170m_seed142_logpi.jsonl:182:5f2234b1e4cac5541d2a4dc40c80a5a00b6697beb2f95d3ca4f26f0d5e3b9dfd"", ""data/metrics_PickCube-v1_170m_seed142_logpi.jsonl:208:0d745afd237799c943c883d089aa37ab0d38424517ca19d086e9d6f643782c15"", ""data/metrics_PickCube-v1_170m_seed142_logpi.jsonl:234:2e24a75e2a0e8998dbd0129b6d1a4357734f807b08464cd09854507816cf15e6"", ""data/metrics_PickCube-v1_170m_seed142_logpi.jsonl:260:3be13bd24491d55f92f12dca9d405270f1adc7aec29c8f2fa62140ecffa5f082"", ""data/metrics_PickCube-v1_170m_seed142_logpi.jsonl:286:8133b3300700430b8f605bf4e5618e2085840e19e63bc2522e977361cd53983b"", ""data/metrics_PickCube-v1_170m_seed142_logpi.jsonl:312:8224d06b5bb4bccaa7d2badb747cc578bbdccd626cd47408b2a12ac24b5eefdc"", ""data/metrics_PickCube-v1_170m_seed142_logpi.jsonl:338:09e7da7e4a25d1b261978f4650efd41ffc4a5113cc25b0f73ad139a3c4dd8789"", ""data/metrics_PickCube-v1_170m_seed142_logpi.jsonl:364:e6de27f271db715f9ea84b1df56b221dc6b546e356b87038aec6120bf883aac1"", ""data/metrics_PickCube-v1_170m_seed142_logpi.jsonl:390:bbbf8bd46b3b30b0c91d009e3db9f8bd6afb1e9a44b5b8f9fa311cf2fdcdbfbc""]"
Q-ranking regeneration,data/metrics_PickCube-v1_170m_seed42_logpi.jsonl,15,0,"[""data/metrics_PickCube-v1_170m_seed42_logpi.jsonl:26:f76aea9046ab9077a6f6a8e92a7e0b0e895dc11202cc7ebfb45ffe19f80dce59"", ""data/metrics_PickCube-v1_170m_seed42_logpi.jsonl:52:11f2d6705f997c338cd5857400184b3ae78f7c038dc5184991e6ec160c583a25"", ""data/metrics_PickCube-v1_170m_seed42_logpi.jsonl:78:be9979346cf19c15221509fc72771b20ac523efd4a264aed5ea6ebce56c82d92"", ""data/metrics_PickCube-v1_170m_seed42_logpi.jsonl:104:34773c336bac8d0010fcb9b7c3287c5896132143bfece107abec1cca326d7b9d"", ""data/metrics_PickCube-v1_170m_seed42_logpi.jsonl:130:9f2de2457859e0896d239cd9dfc06871b61e1180bf92eacba855d5f8f8f6712a"", ""data/metrics_PickCube-v1_170m_seed42_logpi.jsonl:156:bbc2d6bfa3273c9e7ff0eb72e28fcc6cd58cb39e0d3cd8ee76c913b4689fc92f"", ""data/metrics_PickCube-v1_170m_seed42_logpi.jsonl:182:d68e9aa726570a3259532399343fa1424fd54f8c35ff989f00be9a2e74612aa4"", ""data/metrics_PickCube-v1_170m_seed42_logpi.jsonl:208:b71e5db16cfb9bea7c1cf6a339857a804dd228143aa52d3cdb73335b80f96eeb"", ""data/metrics_PickCube-v1_170m_seed42_logpi.jsonl:234:bfcd0444eaee2fe69078d533baf1f6a623c56bd959a238ba7b59eb8b443e8dae"", ""data/metrics_PickCube-v1_170m_seed42_logpi.jsonl:260:67ddb2517ee80cac814f0332b20ec2105d488f6fe517e36c874b66b5addb10c8"", ""data/metrics_PickCube-v1_170m_seed42_logpi.jsonl:286:1213d11db572f2470182a0b87ffe0eb04556616d769d6e557c691bbc4c713a5f"", ""data/metrics_PickCube-v1_170m_seed42_logpi.jsonl:312:3491f6df6cf77508d8c5f9caf650acd411815ce5ed53871b9b3a42f47d707467"", ""data/metrics_PickCube-v1_170m_seed42_logpi.jsonl:338:fc75420505ab1299eaea69f87b1831fc0c0dd78180579342eefa62583a3eabb7"", ""data/metrics_PickCube-v1_170m_seed42_logpi.jsonl:364:184b3202cdf689f20baff89d1d77caa738608668a8e429c547267ec2c27286a8"", ""data/metrics_PickCube-v1_170m_seed42_logpi.jsonl:390:802a08bce5e0f77c7b5a3547ca024c6b3fc3250639e6b5523dd75f9cdf56185d""]"
L-ranking regeneration,data/metrics_PickCube-v1_170m_seed142_l2.jsonl,15,0,"[""data/metrics_PickCube-v1_170m_seed142_l2.jsonl:26:d9782b1e13d2ad5f93e63821826851ba887584607802f395493880ed6c12bd71"", ""data/metrics_PickCube-v1_170m_seed142_l2.jsonl:52:0ed9d521cfe9e3f2f842f51bc59ab37f73f59cf21bf6a3dcdea89103a722f42c"", ""data/metrics_PickCube-v1_170m_seed142_l2.jsonl:78:60e32b5579f22546e52577dc6ccfcb65fa05f90c6d62c331f1e2fabc18f6db0e"", ""data/metrics_PickCube-v1_170m_seed142_l2.jsonl:104:9b84b74e2608bd6221e5650c8b6046de6048bd5b13d26080ac769ac3a1c0b718"", ""data/metrics_PickCube-v1_170m_seed142_l2.jsonl:130:f7a0bd34d3f76febe9a3ed23753a95a0cdead2acd5647e527b299128b220175e"", ""data/metrics_PickCube-v1_170m_seed142_l2.jsonl:156:91fe5741edf341a510a365353b39ab54b733c8cb57e8089797f4608e53b4ed33"", ""data/metrics_PickCube-v1_170m_seed142_l2.jsonl:182:5f2234b1e4cac5541d2a4dc40c80a5a00b6697beb2f95d3ca4f26f0d5e3b9dfd"", ""data/metrics_PickCube-v1_170m_seed142_l2.jsonl:208:0d745afd237799c943c883d089aa37ab0d38424517ca19d086e9d6f643782c15"", ""data/metrics_PickCube-v1_170m_seed142_l2.jsonl:234:2e24a75e2a0e8998dbd0129b6d1a4357734f807b08464cd09854507816cf15e6"", ""data/metrics_PickCube-v1_170m_seed142_l2.jsonl:260:3be13bd24491d55f92f12dca9d405270f1adc7aec29c8f2fa62140ecffa5f082"", ""data/metrics_PickCube-v1_170m_seed142_l2.jsonl:286:8133b3300700430b8f605bf4e5618e2085840e19e63bc2522e977361cd53983b"", ""data/metrics_PickCube-v1_170m_seed142_l2.jsonl:312:8224d06b5bb4bccaa7d2badb747cc578bbdccd626cd47408b2a12ac24b5eefdc"", ""data/metrics_PickCube-v1_170m_seed142_l2.jsonl:338:09e7da7e4a25d1b261978f4650efd41ffc4a5113cc25b0f73ad139a3c4dd8789"", ""data/metrics_PickCube-v1_170m_seed142_l2.jsonl:364:e6de27f271db715f9ea84b1df56b221dc6b546e356b87038aec6120bf883aac1"", ""data/metrics_PickCube-v1_170m_seed142_l2.jsonl:390:bbbf8bd46b3b30b0c91d009e3db9f8bd6afb1e9a44b5b8f9fa311cf2fdcdbfbc""]"
L-ranking regeneration,data/metrics_PickCube-v1_170m_seed42_l2.jsonl,15,0,"[""data/metrics_PickCube-v1_170m_seed42_l2.jsonl:26:f76aea9046ab9077a6f6a8e92a7e0b0e895dc11202cc7ebfb45ffe19f80dce59"", ""data/metrics_PickCube-v1_170m_seed42_l2.jsonl:52:11f2d6705f997c338cd5857400184b3ae78f7c038dc5184991e6ec160c583a25"", ""data/metrics_PickCube-v1_170m_seed42_l2.jsonl:78:be9979346cf19c15221509fc72771b20ac523efd4a264aed5ea6ebce56c82d92"", ""data/metrics_PickCube-v1_170m_seed42_l2.jsonl:104:34773c336bac8d0010fcb9b7c3287c5896132143bfece107abec1cca326d7b9d"", ""data/metrics_PickCube-v1_170m_seed42_l2.jsonl:130:9f2de2457859e0896d239cd9dfc06871b61e1180bf92eacba855d5f8f8f6712a"", ""data/metrics_PickCube-v1_170m_seed42_l2.jsonl:156:bbc2d6bfa3273c9e7ff0eb72e28fcc6cd58cb39e0d3cd8ee76c913b4689fc92f"", ""data/metrics_PickCube-v1_170m_seed42_l2.jsonl:182:d68e9aa726570a3259532399343fa1424fd54f8c35ff989f00be9a2e74612aa4"", ""data/metrics_PickCube-v1_170m_seed42_l2.jsonl:208:b71e5db16cfb9bea7c1cf6a339857a804dd228143aa52d3cdb73335b80f96eeb"", ""data/metrics_PickCube-v1_170m_seed42_l2.jsonl:234:bfcd0444eaee2fe69078d533baf1f6a623c56bd959a238ba7b59eb8b443e8dae"", ""data/metrics_PickCube-v1_170m_seed42_l2.jsonl:260:67ddb2517ee80cac814f0332b20ec2105d488f6fe517e36c874b66b5addb10c8"", ""data/metrics_PickCube-v1_170m_seed42_l2.jsonl:286:1213d11db572f2470182a0b87ffe0eb04556616d769d6e557c691bbc4c713a5f"", ""data/metrics_PickCube-v1_170m_seed42_l2.jsonl:312:3491f6df6cf77508d8c5f9caf650acd411815ce5ed53871b9b3a42f47d707467"", ""data/metrics_PickCube-v1_170m_seed42_l2.jsonl:362:fc75420505ab1299eaea69f87b1831fc0c0dd78180579342eefa62583a3eabb7"", ""data/metrics_PickCube-v1_170m_seed42_l2.jsonl:388:184b3202cdf689f20baff89d1d77caa738608668a8e429c547267ec2c27286a8"", ""data/metrics_PickCube-v1_170m_seed42_l2.jsonl:414:802a08bce5e0f77c7b5a3547ca024c6b3fc3250639e6b5523dd75f9cdf56185d""]"
Verification,data/m7_metrics_PegInsertionSide-v1_170m_seed142.jsonl,50,0,"[""data/m7_metrics_PegInsertionSide-v1_170m_seed142.jsonl:8:d215632d1fdb67dfaeb13ac10899a5dfe61c3c4eeac4453ea48bf726b69f388a"", ""data/m7_metrics_PegInsertionSide-v1_170m_seed142.jsonl:16:7997bae042be1cc0918560cc2cc7d5be4e2ddf029f3e102e0d3b5f284806e151"", ""data/m7_metrics_PegInsertionSide-v1_170m_seed142.jsonl:24:47c636370c0e0690876e77be2e247f34ba4c6d5b0333f51a90a4ffeadf411e81"", ""data/m7_metrics_PegInsertionSide-v1_170m_seed142.jsonl:32:5ae98be51bf5d9356db13b1078d89c07b2657b8a4e9eec2e232e16b5beb50b93"", ""data/m7_metrics_PegInsertionSide-v1_170m_seed142.jsonl:40:546e95125e37b6f4e3020a2bf9346dc7f0278d3602942f3f2a22b69264539820"", ""data/m7_metrics_PegInsertionSide-v1_170m_seed142.jsonl:48:79944a2aca2302ea97d53971b5c9274d7af24570b97ed40da170dfee50db48fb"", ""data/m7_metrics_PegInsertionSide-v1_170m_seed142.jsonl:56:a51b201b19c43c3bb991e51952cb8a8e4a79e8e6a2bc6e691ad6c01153a6e038"", ""data/m7_metrics_PegInsertionSide-v1_170m_seed142.jsonl:64:84e60cd7ee07dfd3819855197c5d3a9b385fc383d75c155cc843a36d707e5b1f"", ""data/m7_metrics_PegInsertionSide-v1_170m_seed142.jsonl:72:03f709796ee7d1def54129e519d761d048c267c15e71df1880781e40148b6ecf"", ""data/m7_metrics_PegInsertionSide-v1_170m_seed142.jsonl:80:e5b01a89621c76844b6d0b56cd3387015122121545b49b404ed5116256674345"", ""data/m7_metrics_PegInsertionSide-v1_170m_seed142.jsonl:88:78f07766e3581882a95f630cce57b2a5116312d31f119aaa1c88277908ada86b"", ""data/m7_metrics_PegInsertionSide-v1_170m_seed142.jsonl:96:e0ed4f80142b076ec616450feaf5504d2d0f86f4217669745ad7cfd3150a28f2"", ""data/m7_metrics_PegInsertionSide-v1_170m_seed142.jsonl:104:24cce451d5960e979f60fde769717919cc6d03ff7916b78c5e81b07bfdc647e3"", ""data/m7_metrics_PegInsertionSide-v1_170m_seed142.jsonl:112:90880b6e27821953c2659135383b3a1530fd4d898accc406555369ca31d5063f"", ""data/m7_metrics_PegInsertionSide-v1_170m_seed142.jsonl:120:8a5964f382ea51137a28ae0d6301b2262b139afe0cf812d475f989277856e68b"", ""data/m7_metrics_PegInsertionSide-v1_170m_seed142.jsonl:128:b23b5af6c2696d1fb3e2a467ae9571cf526b0d85e8fbc94924ede6aa9441b623"", ""data/m7_metrics_PegInsertionSide-v1_170m_seed142.jsonl:136:fc99ff68b44e0d56787419a8d479a7b2fd68618ad3c3571481bddd7853feface"", ""data/m7_metrics_PegInsertionSide-v1_170m_seed142.jsonl:144:681e983f3e47c9bbbe085b8146a4282ec43ac78a68600e2ac7b0e737dd861a7e"", ""data/m7_metrics_PegInsertionSide-v1_170m_seed142.jsonl:152:09493546512232ce63eaf090aed942e6cdd5cb60d0b158a443949109fbfdcf4f"", ""data/m7_metrics_PegInsertionSide-v1_170m_seed142.jsonl:160:d2324febb619222b13cc51627e288bb2e480c1ec0e650dbb3e7d4a6a56dae26d"", ""data/m7_metrics_PegInsertionSide-v1_170m_seed142.jsonl:168:1778395d395f1219b641f27545b1f526046fbf07ed6227229d01a143363389d6"", ""data/m7_metrics_PegInsertionSide-v1_170m_seed142.jsonl:176:549585d77411a2c3bffb750267c8bb22bbee2b9c4d555f465a435a20719426a2"", ""data/m7_metrics_PegInsertionSide-v1_170m_seed142.jsonl:184:f2dcc1fee4f7c748d38617d2f23c27059bb8b68e0040d156103700cf65aab497"", ""data/m7_metrics_PegInsertionSide-v1_170m_seed142.jsonl:192:33639bbee4599481b283371da0417edcb7ec2e51c719193fd041c5571e0b9e7b"", ""data/m7_metrics_PegInsertionSide-v1_170m_seed142.jsonl:200:b5fac8306a760ff16815aa55cb6a7d1d28604d3d45e9b2aaf34c7aef63d1f856"", ""data/m7_metrics_PegInsertionSide-v1_170m_seed142.jsonl:208:b755a2e536ff5975314f413532254c41177352c3de0e80b9f768ed654f2d1af8"", ""data/m7_metrics_PegInsertionSide-v1_170m_seed142.jsonl:216:6c643964aab081a7d5c71da27145e86c83ef6c26b157ba00c0f3ec6933ceb4a4"", ""data/m7_metrics_PegInsertionSide-v1_170m_seed142.jsonl:224:f7a99a4227e9f2f0666e1ffe05f8ebf99c1c57c30ab4e72b3e262b612beb6042"", ""data/m7_metrics_PegInsertionSide-v1_170m_seed142.jsonl:232:28636174105e86bf481cbfc4d66428c28faad332085d40ee4f56cf2c1abd3f7e"", ""data/m7_metrics_PegInsertionSide-v1_170m_seed142.jsonl:240:ce3acb75ed586a3edec5fc290e9db3dc81b711c4c7a73c2ba240a4e4285e29f8"", ""data/m7_metrics_PegInsertionSide-v1_170m_seed142.jsonl:248:85eaefdf6dc84cf454a2a0fe69641a5cd2eba3a5e59ada499811884b91f62729"", ""data/m7_metrics_PegInsertionSide-v1_170m_seed142.jsonl:256:e43de5f1e88aad17032bc67c98632cd76b69f8af4c7c87dedf76a6c625099a1b"", ""data/m7_metrics_PegInsertionSide-v1_170m_seed142.jsonl:264:8accaf730d5a4f3dd96872a04625f820b49d10dda409771445826ac069a6a869"", ""data/m7_metrics_PegInsertionSide-v1_170m_seed142.jsonl:272:faba4999e403fe82b57c3e4c1a1fd1647493266981b0aca3c87efb2e0afac317"", ""data/m7_metrics_PegInsertionSide-v1_170m_seed142.jsonl:280:7c2d490af6b9d7d4aa174d76ecd6ba09c4916fb08a487f41f26f1c6144459548"", ""data/m7_metrics_PegInsertionSide-v1_170m_seed142.jsonl:288:8c8d613e2497f4a1f4b42e6c2cf5b61c5ffb99ece99daa4271d9887d607dd56a"", ""data/m7_metrics_PegInsertionSide-v1_170m_seed142.jsonl:296:0fefdae340c57f997134e4685233262a5695ab094bd6a191cabe0d10cf224426"", ""data/m7_metrics_PegInsertionSide-v1_170m_seed142.jsonl:304:0a97ba7eb65d14f208eb072224be1d3890133a0b7c95f373a7ee07a2526791c3"", ""data/m7_metrics_PegInsertionSide-v1_170m_seed142.jsonl:312:e7ec79e0ac72e520b6836e7d0b693fee2d3fba57cafe381926231f057a3de90b"", ""data/m7_metrics_PegInsertionSide-v1_170m_seed142.jsonl:320:34ad33af5ab72ac055dc895db037f944ad569f1d8a2f4d8a50051828dec29084"", ""data/m7_metrics_PegInsertionSide-v1_170m_seed142.jsonl:328:8720061ada9ff3233aefe00044ac45ae97d58d8d52a76fd04d56c6b64b239526"", ""data/m7_metrics_PegInsertionSide-v1_170m_seed142.jsonl:336:2dc3dd06644dc34a329b402bc136dc4b092ff7314308f85ccc281dcb55c7f39f"", ""data/m7_metrics_PegInsertionSide-v1_170m_seed142.jsonl:344:1ed4f23b437cbc092d4a6c05a5900c9dc252400a060862586bb264bd02e7ca59"", ""data/m7_metrics_PegInsertionSide-v1_170m_seed142.jsonl:352:f6230bf3a1d640fdd80977997ac233e6ebb5719e2a7ad635d042e0db7d83f1d8"", ""data/m7_metrics_PegInsertionSide-v1_170m_seed142.jsonl:360:c01e00919b6c9e9b2bdd372645b4783d75e42ece8b924465b1bb4a7b1b60a995"", ""data/m7_metrics_PegInsertionSide-v1_170m_seed142.jsonl:368:a925c1dbe75a16c9698e819494439e1749e005e4f600e006ea9302fc0552899a"", ""data/m7_metrics_PegInsertionSide-v1_170m_seed142.jsonl:376:102ec0fcf8f7f160421b1793a0a8d7fdef1e71059626eb4a3fda2515887aa15e"", ""data/m7_metrics_PegInsertionSide-v1_170m_seed142.jsonl:384:f3764c9e58316a8f4767af021087deb5fc1e33aa7af16dfa63a1dd64fae5e8d6"", ""data/m7_metrics_PegInsertionSide-v1_170m_seed142.jsonl:392:5c15ebca3dd285ca0633375976ebe6ba3e78461eaf1b47e748bbbe50c9a66917"", ""data/m7_metrics_PegInsertionSide-v1_170m_seed142.jsonl:400:10747883433e451cab4667e02150fa16d78b8ad2a0ebf1a0ba87463b54885f34""]"
Verification,data/m7_metrics_PegInsertionSide-v1_170m_seed42.jsonl,50,0,"[""data/m7_metrics_PegInsertionSide-v1_170m_seed42.jsonl:8:a8dfddc9c77ec7b21802b435f1ef57d0b1bf61fe2b7b167960e4063572c34b81"", ""data/m7_metrics_PegInsertionSide-v1_170m_seed42.jsonl:16:cf1aa18c9a3066a3360a516e2ca834f0f4ee4da4ba1550c189537ced3b308911"", ""data/m7_metrics_PegInsertionSide-v1_170m_seed42.jsonl:24:d2d93ed880345de1967735ccb12aeb80775317adf46a4c7d4011f3c34561d538"", ""data/m7_metrics_PegInsertionSide-v1_170m_seed42.jsonl:32:3dccad4ec3a18e54815751669cb0b410f997419ef54e9520f09143e5269cc273"", ""data/m7_metrics_PegInsertionSide-v1_170m_seed42.jsonl:40:8fea4710be6401751973afa179376fd13d43bbc6b14d61be8a84d9922334387e"", ""data/m7_metrics_PegInsertionSide-v1_170m_seed42.jsonl:48:a93beea29ffb092e3e6411fbe87b4634d8fb67ab6a905127389c2d445e6bca5e"", ""data/m7_metrics_PegInsertionSide-v1_170m_seed42.jsonl:56:7cddb6770fbfd88d7381e3cd515bd899b85b346d3573090c485f38fcf1c6cfde"", ""data/m7_metrics_PegInsertionSide-v1_170m_seed42.jsonl:64:aa15e85b3f61a3f20d168490cd47886d19b722f42dcfbcfd4e8730938dc7dd68"", ""data/m7_metrics_PegInsertionSide-v1_170m_seed42.jsonl:72:0307cca847c5cf7084874832cb4bd3f69e9d01dbf9a3225c966a18feff4fec03"", ""data/m7_metrics_PegInsertionSide-v1_170m_seed42.jsonl:80:f387e536a6b06b7cec7a0b6ceadd6da5df824b5dc2a3e6a663ae57cd53e13617"", ""data/m7_metrics_PegInsertionSide-v1_170m_seed42.jsonl:88:6844023230c24f4c9247e4381ddb034434552aab0493faa716409544526ddf33"", ""data/m7_metrics_PegInsertionSide-v1_170m_seed42.jsonl:96:491cedd0b6abdc66e2b51b9f79d9d254622d75820ca986b9dddad37471d7a8b7"", ""data/m7_metrics_PegInsertionSide-v1_170m_seed42.jsonl:104:2aa5208353076057d7a59ebd3b92385207e9b1e25a8b1d231ac2b7268d7c121a"", ""data/m7_metrics_PegInsertionSide-v1_170m_seed42.jsonl:112:e38138d38635d8ad358e67b163566dc9a1fee7277a269e9049a392c0b400b188"", ""data/m7_metrics_PegInsertionSide-v1_170m_seed42.jsonl:120:91f6f211d8c3a4be317c5ec79ed1ef1175b2bb71052efb332dcbffdb3237a368"", ""data/m7_metrics_PegInsertionSide-v1_170m_seed42.jsonl:128:567feba8d69d9a89062c6105e5ea2d6163e7ff5e0093c02f4c852195d7237e38"", ""data/m7_metrics_PegInsertionSide-v1_170m_seed42.jsonl:136:03dd407b2c9092ee0717f2dce53d240dcfec0db2d36deb616b3835fe30546745"", ""data/m7_metrics_PegInsertionSide-v1_170m_seed42.jsonl:144:d7dca61fd6fd2f376fef12c636e13bb690f7cd0592e41577fe25f4f441b3b08e"", ""data/m7_metrics_PegInsertionSide-v1_170m_seed42.jsonl:152:58b9fbad4b2194091a1f7b8097b03975eb010e31dec99d10a4437fe1fa7cac31"", ""data/m7_metrics_PegInsertionSide-v1_170m_seed42.jsonl:160:7033eeff57a1c151723b471cf6652ded9449b251cd3d7e6ee9978ad03f1de709"", ""data/m7_metrics_PegInsertionSide-v1_170m_seed42.jsonl:168:22515a2faebc349f1004a9ec244eb7cc4a9ab7ca4b4215b30dcd646cd3418815"", ""data/m7_metrics_PegInsertionSide-v1_170m_seed42.jsonl:176:9e1d95e78f64341a96b8ba5b672c1cc942c7a6718ef3cfbe18411d456fa54b5f"", ""data/m7_metrics_PegInsertionSide-v1_170m_seed42.jsonl:184:3520a20ceeed68094255145b7c47cf01fa4841f0df4e562d76ba29896d695b69"", ""data/m7_metrics_PegInsertionSide-v1_170m_seed42.jsonl:192:3f161c62ad05870e7edb46e8f920d947da0a76fba0e390c7b0efc9231e17e3e7"", ""data/m7_metrics_PegInsertionSide-v1_170m_seed42.jsonl:200:b215a54138d9026d0eeab5ea2c54b85025ef339aade9d0f4a95263ad9d57b5c0"", ""data/m7_metrics_PegInsertionSide-v1_170m_seed42.jsonl:208:fc9cdf55c5d5309eb5e0278eefa7c15972dc706607c554574d484830150c5a60"", ""data/m7_metrics_PegInsertionSide-v1_170m_seed42.jsonl:216:87ccbd04865e4f0df531da458c4449134ae4406f151cc7e2ca33044864fff9e1"", ""data/m7_metrics_PegInsertionSide-v1_170m_seed42.jsonl:224:75fb2fed3bd296b7a1afbd11391f5f183a539af374072a8b40e9c15a1e85708f"", ""data/m7_metrics_PegInsertionSide-v1_170m_seed42.jsonl:232:ff2c17e178462bd604b4343c039c83478b95ae2b5a3645ab4d45e7b5cef64edc"", ""data/m7_metrics_PegInsertionSide-v1_170m_seed42.jsonl:240:9cb75278d0bd87c2d44ac584c9ddab4084e541a71bf2298d8e7558ab0780a135"", ""data/m7_metrics_PegInsertionSide-v1_170m_seed42.jsonl:248:2be6e45b5790b034566f537bc8493718225c5038a54d0996531efc189ade664a"", ""data/m7_metrics_PegInsertionSide-v1_170m_seed42.jsonl:256:240d65b87e1c8569666418336bf3dbde397cca0dd84b7726b4c4c4677dd45cc8"", ""data/m7_metrics_PegInsertionSide-v1_170m_seed42.jsonl:264:84e643cf7c19be4ebcc7501ba783738ba544d0883c8be2fe90a9bbf0e64b4309"", ""data/m7_metrics_PegInsertionSide-v1_170m_seed42.jsonl:272:7d4f865b6d6164cc59130a94977e593822ea9ddf4e24bec8f2f8b0341867bc29"", ""data/m7_metrics_PegInsertionSide-v1_170m_seed42.jsonl:280:587da19dccd364937fcadcbb5e9c5c44fa2dff0a6916acf32fddee95fe33cb88"", ""data/m7_metrics_PegInsertionSide-v1_170m_seed42.jsonl:288:79f029b38a0435e71832146e467eaac1588adb81098b2e01a6671b5c6ad7a834"", ""data/m7_metrics_PegInsertionSide-v1_170m_seed42.jsonl:296:16ac5b46176cc309b910110b145223958e9c6fe03ed0a2cd38f3226bea889ee3"", ""data/m7_metrics_PegInsertionSide-v1_170m_seed42.jsonl:304:dcaf952c57149ea4dd8fea33510196819661a72dfa790b3d1d4723a3e91decce"", ""data/m7_metrics_PegInsertionSide-v1_170m_seed42.jsonl:312:141d36db9e7fa3e20ae2cc95974ef5474b5b43c3ce3e4c4f1ee0fcb23d9ec77b"", ""data/m7_metrics_PegInsertionSide-v1_170m_seed42.jsonl:320:9b33ba0b97eb161a01496d64ac7c07d75820a5f78f4be7218313d079009b45ce"", ""data/m7_metrics_PegInsertionSide-v1_170m_seed42.jsonl:328:573d14e46c7a66ecbb82da9a7443c935bd030d3d0b74c2326b40009505a540cf"", ""data/m7_metrics_PegInsertionSide-v1_170m_seed42.jsonl:336:1a5daf0b6e71b6db6822fe876bc449e57b31c7caffae13823346583eb506e929"", ""data/m7_metrics_PegInsertionSide-v1_170m_seed42.jsonl:344:03040748b5d2760021ca2d23a4b167cf38c7607728719137a6ccc661b7765910"", ""data/m7_metrics_PegInsertionSide-v1_170m_seed42.jsonl:352:fd29258570f6a2f839ac2dd86ec94354c09b943743239d92d503a44ecdb33405"", ""data/m7_metrics_PegInsertionSide-v1_170m_seed42.jsonl:360:ff0ab753a052328abc2fb62b148e080bec68fadd8b4b6e53f566418f7c134d29"", ""data/m7_metrics_PegInsertionSide-v1_170m_seed42.jsonl:368:f7fd7eb816063fcd5a92d356cfbf00b9355067e0934eeb0c01baf7831f4553b9"", ""data/m7_metrics_PegInsertionSide-v1_170m_seed42.jsonl:376:89b7138a24acadfb6a6c92002c51d392e8ff8021ddea2aa2e13480d9c2daabb1"", ""data/m7_metrics_PegInsertionSide-v1_170m_seed42.jsonl:384:77c587c9066c42e30aea018663328a80ae42a9350d296c605686ecb3de15a290"", ""data/m7_metrics_PegInsertionSide-v1_170m_seed42.jsonl:392:95d5788739b10df0271a45871c31a873e88a6d2ab4f364927fcfbd9b42272519"", ""data/m7_metrics_PegInsertionSide-v1_170m_seed42.jsonl:400:518a8b447302618d87487332c41ec716f0eb681000e4c24abde545542e5b7136""]"
Verification,data/m7_metrics_PickCube-v1_170m_seed142.jsonl,50,0,"[""data/m7_metrics_PickCube-v1_170m_seed142.jsonl:5:9a5bb9e1890475f5231d7022f61a44dfbfffa56915d4c4ad4e232057e8ccf807"", ""data/m7_metrics_PickCube-v1_170m_seed142.jsonl:10:101c08b795ded20cb4c9f9f67fc5414d7ff61d72b5348644f49d8258d9a459c0"", ""data/m7_metrics_PickCube-v1_170m_seed142.jsonl:15:7ced9c7fedca52fd4ff70d2f9c1c03f8d93a45c17a70b7f9247c87ad696d94d6"", ""data/m7_metrics_PickCube-v1_170m_seed142.jsonl:20:134772588a5900279670c840a45e970e798b529fb5404ced726343a3ca96fac7"", ""data/m7_metrics_PickCube-v1_170m_seed142.jsonl:25:e8db06aa257d64388e33f63f3bb11e60b0123389999dfb69f0962e7978ae8078"", ""data/m7_metrics_PickCube-v1_170m_seed142.jsonl:30:356c22f5781e901d13591bafd8a71f57036e0ef9ffc3aa964747bcde9de798e1"", ""data/m7_metrics_PickCube-v1_170m_seed142.jsonl:35:2a9a486177f4a5972fd77e35f3cecbd3afbc2695c48e179a51d41ec4f6edc92b"", ""data/m7_metrics_PickCube-v1_170m_seed142.jsonl:40:54c85d2b1b5875d7d33de0198552912024c46883798590fc676585dbc9bb7d16"", ""data/m7_metrics_PickCube-v1_170m_seed142.jsonl:45:8918ff09f465721658b4009c82b1b9f1038f56ba6ae479278cbdee02a0fbe48e"", ""data/m7_metrics_PickCube-v1_170m_seed142.jsonl:50:01c3405437a66560338b5d99833a2f10da6d1ce93101c7ef19aa46f9fff06c03"", ""data/m7_metrics_PickCube-v1_170m_seed142.jsonl:55:6aaf9971759589ef239a5988687420b9d3945b9f3e4c98858fe02b0a4df2b9d9"", ""data/m7_metrics_PickCube-v1_170m_seed142.jsonl:60:4fe61c0f8ef841cf73c46b4362ef260e811a4e8b3bf51b6fea4fb0041ffc7667"", ""data/m7_metrics_PickCube-v1_170m_seed142.jsonl:65:317eb18dca6083333537696817a280fa91687ac305d912b48494cbcdb00cbe9e"", ""data/m7_metrics_PickCube-v1_170m_seed142.jsonl:70:9d0f362b2c2e6bc41b3b47a6fcbd0f809e3a3811fcd82c4b6305e7bd08896ea7"", ""data/m7_metrics_PickCube-v1_170m_seed142.jsonl:75:31d397327a24eb6bf71f2ccbb4150e7fac3e7ff7e196893ade05781d8f237f28"", ""data/m7_metrics_PickCube-v1_170m_seed142.jsonl:80:165c466857e7004690b7e0dccf8853ad2463b01d23969251db266f4b113ecca4"", ""data/m7_metrics_PickCube-v1_170m_seed142.jsonl:85:ffb5bb7336c34eec7025ab5a39056c940335983ea7946094497cd7d9589002f6"", ""data/m7_metrics_PickCube-v1_170m_seed142.jsonl:90:7dd9f0ad3b6001da23519ce06a9e571959f48a4b933f5a483fe15bd99bdca3d0"", ""data/m7_metrics_PickCube-v1_170m_seed142.jsonl:95:dc55ed5bb0b6e3ee195743a0bc8ea35fde51f6a10a6b7433cdd5bf47745ac1d9"", ""data/m7_metrics_PickCube-v1_170m_seed142.jsonl:100:c70e7ece951c310ea54270591ca6d9695cc0b0765b9a8032c7865e0804d06fcc"", ""data/m7_metrics_PickCube-v1_170m_seed142.jsonl:105:fa21af01e37f52a74a84d4d2f877102218ba15587170ca6d7ed86f1241299e14"", ""data/m7_metrics_PickCube-v1_170m_seed142.jsonl:110:15a54213b89b1126227b5c0078e7a8813efafff94ab686cb29bc559fd0a6d151"", ""data/m7_metrics_PickCube-v1_170m_seed142.jsonl:115:521fc8847cd877e6f7dc125e96433866ad5677f4806a830ac05b360bd7ac9f5e"", ""data/m7_metrics_PickCube-v1_170m_seed142.jsonl:120:e23d10dc1685ccfb40e4687d87ba1308ff38060cfd3e5b0ac32909fc51d0f186"", ""data/m7_metrics_PickCube-v1_170m_seed142.jsonl:125:a53871666c876763ddbd7165b6d8057907eb1a8245adefabc664cc7a0028450b"", ""data/m7_metrics_PickCube-v1_170m_seed142.jsonl:130:5b1feb35cc417d5a499a4fa2a4cb988dcae4219a6609a729e9bc4725cabc327f"", ""data/m7_metrics_PickCube-v1_170m_seed142.jsonl:135:4ccbd85160e03858bfc88cf1fd8ff8bcf3e97510afb1b73a3256e82f22ba0110"", ""data/m7_metrics_PickCube-v1_170m_seed142.jsonl:140:5556b9e2c53645809794eb552160d7a45749a1029830caf73bc64387e2d1234b"", ""data/m7_metrics_PickCube-v1_170m_seed142.jsonl:145:44eb893d41bc84e0954809eb124d5f2875aa7ec20948b0901111e68f02f192f5"", ""data/m7_metrics_PickCube-v1_170m_seed142.jsonl:150:0ee2c57a4c4ea78fc90844848df36c3ff4a7e15086617050db06b8e930bb2d20"", ""data/m7_metrics_PickCube-v1_170m_seed142.jsonl:155:5acb463fca3f6971b367bf5452204c835d825967ea924335a01d8cbdb3b03fb7"", ""data/m7_metrics_PickCube-v1_170m_seed142.jsonl:160:dad0619aa7ecfb7c8e56abdb025508092c6616850ba5fc4e9bf81551ec9d9c1b"", ""data/m7_metrics_PickCube-v1_170m_seed142.jsonl:165:b2ab392664a8e3bd51d2667e01e0f84d39f352effed91e325b344978dabe8930"", ""data/m7_metrics_PickCube-v1_170m_seed142.jsonl:170:17fcbf1e57bed103e180e1a3f88917435a644f36e57f7009a43bb18d6b7b05a7"", ""data/m7_metrics_PickCube-v1_170m_seed142.jsonl:175:d5a315d1d2d09df3aeaded0991c89a7b8f717d17d28f179062f2454ce8596702"", ""data/m7_metrics_PickCube-v1_170m_seed142.jsonl:180:90d2809d6ad651cbd92e1d5db1bbbf33b2a857b3dd224d00ad80761512c73731"", ""data/m7_metrics_PickCube-v1_170m_seed142.jsonl:185:9ede3a51f06cd604e0334bf82aa5b629cd1d35e4e28e7466ea9dbfd69c796e82"", ""data/m7_metrics_PickCube-v1_170m_seed142.jsonl:190:3577c291d9cc825257df192decf8b963c56c687eeb63477032153bf2091aed7e"", ""data/m7_metrics_PickCube-v1_170m_seed142.jsonl:195:ca9ef057b0284164b5571dc1750b5813ea8d8e5b30c7a767457ac3d4edb5cf9f"", ""data/m7_metrics_PickCube-v1_170m_seed142.jsonl:200:736b2307f4728eb658fe56f7425372eb4a68433f57debce1819182a96f0efb94"", ""data/m7_metrics_PickCube-v1_170m_seed142.jsonl:205:381f6ced3307378df986663c4cd923323487867caa7b3412fcc155d93e6d022d"", ""data/m7_metrics_PickCube-v1_170m_seed142.jsonl:210:06a6bca05214dc221218db9d2ff755b84216314cc155a842f219b6310a2f0352"", ""data/m7_metrics_PickCube-v1_170m_seed142.jsonl:215:c257970c3f3df888b982c93085b25c94717b707ea8aba3f6ba240e99d7789d25"", ""data/m7_metrics_PickCube-v1_170m_seed142.jsonl:220:0de588bfad7a87ff3d3060d80d1d0484015c3be58ff4f0facfbd3310294c48ae"", ""data/m7_metrics_PickCube-v1_170m_seed142.jsonl:225:34e8d37a9eb7d0a947c2b1c44e6a03c3e7465798af0e5aee6c6ca5e95f764dd3"", ""data/m7_metrics_PickCube-v1_170m_seed142.jsonl:230:62f7bc0de5b6b95096d57bf5147d77b7f32f7eed751b5f26aec1593d81acb579"", ""data/m7_metrics_PickCube-v1_170m_seed142.jsonl:235:1da689e39013acc0dde3b611b1c5b33f1dd29747cb4d4ea34609fc17aad384a7"", ""data/m7_metrics_PickCube-v1_170m_seed142.jsonl:240:a97d87ceb9290ff837bfe35eaf9397cd7e7ec487a82391f14897ad0631ad4fa5"", ""data/m7_metrics_PickCube-v1_170m_seed142.jsonl:245:c8a7db65a6c5018391f237ae5d2dfee01440a2accd96f7d4474ff0abbb388425"", ""data/m7_metrics_PickCube-v1_170m_seed142.jsonl:250:b7575b7fef251de47be9f7291a5b8d47821d3237b86abf1e65a3a10e398ad0ab""]"
Verification,data/m7_metrics_PickCube-v1_170m_seed42.jsonl,50,1,"[""data/m7_metrics_PickCube-v1_170m_seed42.jsonl:5:3d773badc535cfdb854c4787d5a5e9e748b784f9a7a391b338c1bfdaad63e254"", ""data/m7_metrics_PickCube-v1_170m_seed42.jsonl:10:5a20194d34cf883449d4f93e497c336ef0251e14e70b8019ab35ecca67db4fdf"", ""data/m7_metrics_PickCube-v1_170m_seed42.jsonl:15:b6a4c420db0accb29b2cfde9ef0c3491b21be5065ea6ebdbd83bb3ea35e6e60f"", ""data/m7_metrics_PickCube-v1_170m_seed42.jsonl:20:1c6e1a6d215babec362694be80302259b2131af7269d3dcfd2362dcb8ed29fa1"", ""data/m7_metrics_PickCube-v1_170m_seed42.jsonl:25:2da18fcce5261f4f5e76eb67bdd036cd1296a0c9606c4e45a098f095e3160221"", ""data/m7_metrics_PickCube-v1_170m_seed42.jsonl:30:b003037101a144b7f81f3fbf450a9783d16c7d393fd3390c9a08e575068c4ac3"", ""data/m7_metrics_PickCube-v1_170m_seed42.jsonl:35:15b056202a27f5a319d45e4651f88c89b9bbf6d2f151b21e08c36146d78e2bf6"", ""data/m7_metrics_PickCube-v1_170m_seed42.jsonl:40:12d5e9bf3c65499c32958900640fb17d14ad14a98eb85e697461a081615e6a48"", ""data/m7_metrics_PickCube-v1_170m_seed42.jsonl:45:e575614b8bdca3a21ccde2b43edaf018509491bf2f1e98ac8f29c2ed7bd3d363"", ""data/m7_metrics_PickCube-v1_170m_seed42.jsonl:50:4b724add571fa2d6d9f3b7066a5ddb1949c149b2991e77680daa44b68592b870"", ""data/m7_metrics_PickCube-v1_170m_seed42.jsonl:55:a791ff41462a77be338423c6d1fd2c9e2f1059ea479ef5d9e3dfe54e7c9c4c74"", ""data/m7_metrics_PickCube-v1_170m_seed42.jsonl:60:9f54802f829806856a4948a434e1715c89bfde05d9e9dbb757cfb36944e69536"", ""data/m7_metrics_PickCube-v1_170m_seed42.jsonl:65:468e32e4d6d67e67a3bb000f27317d49887a6909265031adf739a4314ff43c28"", ""data/m7_metrics_PickCube-v1_170m_seed42.jsonl:70:7603f15e6421383d3d3d36ed78c91326fe2d1a57f9baabd8630f29c1896da0cf"", ""data/m7_metrics_PickCube-v1_170m_seed42.jsonl:75:13348260a6da3af80adf3226ba2b191fbbe1040e15420e1bebf9a7fb09f60222"", ""data/m7_metrics_PickCube-v1_170m_seed42.jsonl:80:e8304fd26b0d2365492b0cabdf6eb162c78b6804e7d19332aee73517657ceb49"", ""data/m7_metrics_PickCube-v1_170m_seed42.jsonl:82:38e689a839792d8090605219537ba3990e5e27d5bf72431e9cae081902a179f5"", ""data/m7_metrics_PickCube-v1_170m_seed42.jsonl:87:a24e857796ab2a6c85c3b622bd53216028892b5e60cf5636581b4fd7cabe6ab9"", ""data/m7_metrics_PickCube-v1_170m_seed42.jsonl:92:d105800fb359205c3afe08b30b748b63d8490394a88594083228ad9bbd7bdac6"", ""data/m7_metrics_PickCube-v1_170m_seed42.jsonl:97:ce19e20cea1c9d93982f458f19b75217f96e3c187a44c2c015719af421a5bfc3"", ""data/m7_metrics_PickCube-v1_170m_seed42.jsonl:102:af416828fc70dff7368611433f685d7b4583837a673113f14ac7cc11b827bed1"", ""data/m7_metrics_PickCube-v1_170m_seed42.jsonl:107:2f59fa687bb450b47cc5cec32b5b36d70816e904db6a2bb6d892a98c5cd2a45e"", ""data/m7_metrics_PickCube-v1_170m_seed42.jsonl:112:47515423483550103ec0b1ca1780f33702fe2efaa723cb3c17824aff8d3decf6"", ""data/m7_metrics_PickCube-v1_170m_seed42.jsonl:117:125dbf5ef021089bc202427029d089338ef99e512c56a2dccd33fbec50b3b1ba"", ""data/m7_metrics_PickCube-v1_170m_seed42.jsonl:122:6a4b1a582f6df453986e19d3f6bbb560440c1f9a3c1c1554e08a7cfa9975ee49"", ""data/m7_metrics_PickCube-v1_170m_seed42.jsonl:127:9771ba52a23340d012c5e6f1c73804484d75817d041091a829374310682bf819"", ""data/m7_metrics_PickCube-v1_170m_seed42.jsonl:132:fd22315d08d931f01ee29ade9447d4caf8326d97f0b29ab126524e18ea0fea89"", ""data/m7_metrics_PickCube-v1_170m_seed42.jsonl:137:c278b5b8d034be9d32b27226f8c5ffeca384fa2961ffe2dd9930861831e11813"", ""data/m7_metrics_PickCube-v1_170m_seed42.jsonl:142:7aea3a731967db6987333e5ccbcb98f1e3790999ff3cbfe8dbe076e2566f64cb"", ""data/m7_metrics_PickCube-v1_170m_seed42.jsonl:147:907a53beac8f2f972918cde8defa9e6885798b1e90776059ee9c2331f4af3d83"", ""data/m7_metrics_PickCube-v1_170m_seed42.jsonl:152:316220fcc66f2083c99e16a8ac0265040018c613b3a3c5d9f37663736c48c8a4"", ""data/m7_metrics_PickCube-v1_170m_seed42.jsonl:157:801fe7ca23f5b80856866768f62e9f336d866f56e8e825c26af476ed7702a9de"", ""data/m7_metrics_PickCube-v1_170m_seed42.jsonl:162:115a336be5f7cfb826753374f6a635886a11cdb04112ad390d4b404421a30e8f"", ""data/m7_metrics_PickCube-v1_170m_seed42.jsonl:167:7e19003b41e21f63b07d4890517929d7fdd518b366aa53eb274d81284c74325c"", ""data/m7_metrics_PickCube-v1_170m_seed42.jsonl:172:e76d1cb6a347070b0d78701671ed225823963c14c3a9f889c4b5a8020085eb90"", ""data/m7_metrics_PickCube-v1_170m_seed42.jsonl:177:abeaaeb9443c82877eb313024615d57461e43664b57d5aad3fc6ec8c7801093a"", ""data/m7_metrics_PickCube-v1_170m_seed42.jsonl:182:5e51e0c111d1ead1ef597327a454bb64e9a94c69ff62a17d1311c2b7d04b3a63"", ""data/m7_metrics_PickCube-v1_170m_seed42.jsonl:187:5fa0c45affb0ab194acb3c40630218fef34ed8ba1a75912491dfe284b40796a0"", ""data/m7_metrics_PickCube-v1_170m_seed42.jsonl:192:16143471b40cbc5f30533a1be46fac4a974648ac14c7a38c16ebbabfbf1d21f6"", ""data/m7_metrics_PickCube-v1_170m_seed42.jsonl:197:5c9759cb6f77b3f0f6bea62263d29a47794fa83799da30d306c4ed42033b9e01"", ""data/m7_metrics_PickCube-v1_170m_seed42.jsonl:202:ce6a346ee8b109cb743f0eede3936277d3fa086bf7817a0ff1bd5950239e0bcd"", ""data/m7_metrics_PickCube-v1_170m_seed42.jsonl:207:126ab06c34702f6996973a14b333b907736ce9b48856b961cda623b12d791606"", ""data/m7_metrics_PickCube-v1_170m_seed42.jsonl:212:992cc9c6393025e53cc12ad61a0e14f0acc57126b4eb2a9066bf57b3d23212b4"", ""data/m7_metrics_PickCube-v1_170m_seed42.jsonl:217:1890acd0ccb16d82963ff44ccaea186cc8c0be3950b49140cf02334f8d15659d"", ""data/m7_metrics_PickCube-v1_170m_seed42.jsonl:222:5df69654026b7ceed44b77e86b784858d09d0e901c41a53c332cf4962d613415"", ""data/m7_metrics_PickCube-v1_170m_seed42.jsonl:227:16756513ef8b09c0dc14e1b6fd3fc563744ae61c8071860a1aec4f7e7f7d11dd"", ""data/m7_metrics_PickCube-v1_170m_seed42.jsonl:232:c994cca8f79431adb3eddcb0121177e34f40c0f2a10061ee5c0c1811c622e9c2"", ""data/m7_metrics_PickCube-v1_170m_seed42.jsonl:237:9a84a519e1cc7e6c055c6d76c07203f07dd2a4f8f2d188f8fc3d9627d15f4ae8"", ""data/m7_metrics_PickCube-v1_170m_seed42.jsonl:242:e496fc4fcb734d5efbe7dd9d355b32cfcb80570cf7d94b4e31631db02faa0f11"", ""data/m7_metrics_PickCube-v1_170m_seed42.jsonl:247:a159c76bcace5bbde67e6d698968d9f3507cbfa88769f5795e68f17fc2df1f9a""]"
Verification,data/m7_metrics_PickSingleYCB-v1_170m_seed142.jsonl,50,0,"[""data/m7_metrics_PickSingleYCB-v1_170m_seed142.jsonl:5:155eb1f33f2b2e6c5fd95425bf60eb22aa086ad8f6f58996181f6e254476b381"", ""data/m7_metrics_PickSingleYCB-v1_170m_seed142.jsonl:10:eee0500588d3d497909ce2cfee701f3d8782ba6fa923a74535eb702f5df6f100"", ""data/m7_metrics_PickSingleYCB-v1_170m_seed142.jsonl:15:71ea13e5b9ecbf82226b6ece08ae6588a94dd12b7ccd1dfd811842fc07f42a2c"", ""data/m7_metrics_PickSingleYCB-v1_170m_seed142.jsonl:20:618b8e7abbb41a8682a9c873f8b1203526ee24c00fdfba52fa9441d5d57b529b"", ""data/m7_metrics_PickSingleYCB-v1_170m_seed142.jsonl:25:3825f2ef170d7fcf7664b639629039fd041b09301ac7989115b69b1bc686cadd"", ""data/m7_metrics_PickSingleYCB-v1_170m_seed142.jsonl:30:ac9631bc791bd0548e75010c13516e5fa7504e6085091f5ff79465354fde1fc5"", ""data/m7_metrics_PickSingleYCB-v1_170m_seed142.jsonl:35:8c1c7253792c2cdae2749db0d845f8bc42c2fe5fb7165e7d599b8efca6bb7d4d"", ""data/m7_metrics_PickSingleYCB-v1_170m_seed142.jsonl:40:a4ce145a65b170a2c4568b6bf075d87ef0893ba6acb4f6670b045e0f9f330307"", ""data/m7_metrics_PickSingleYCB-v1_170m_seed142.jsonl:45:5ad1497ec2acfa31d37e6a82b817a26e2dd204b3d84b3a8368dbcaf687c5acda"", ""data/m7_metrics_PickSingleYCB-v1_170m_seed142.jsonl:50:e05d174a71e36cbe2643a2b2295a64d1df296207a7babb4482292383e8cd4794"", ""data/m7_metrics_PickSingleYCB-v1_170m_seed142.jsonl:55:aad8612ffbf46caf0de0bceba836362f2edb609e15a791ac6cd0cbd724254c51"", ""data/m7_metrics_PickSingleYCB-v1_170m_seed142.jsonl:60:27d6bfe4c4c8130f32bfe23f7b270b2a0ff11cd5cecf71ba1f3f05094a320978"", ""data/m7_metrics_PickSingleYCB-v1_170m_seed142.jsonl:65:27c6fedd4b158b2ec2b660ce77be3a73c02960d47fbbd2d93ee98e64212e32fa"", ""data/m7_metrics_PickSingleYCB-v1_170m_seed142.jsonl:70:f7ba75c25bfb5369f619eed7c73e807b6b93c58d4ada681f3ed3188bae3809f7"", ""data/m7_metrics_PickSingleYCB-v1_170m_seed142.jsonl:75:9a7e09e5a7f6a631e84093291030624e7a2e3a5fe6783fcbc94fdbf4e4712281"", ""data/m7_metrics_PickSingleYCB-v1_170m_seed142.jsonl:80:46ffc95713e1aaf3e5b11d4e6b72eb33f08bf69a8010df2e1b456831f572df34"", ""data/m7_metrics_PickSingleYCB-v1_170m_seed142.jsonl:85:206272f9baefb1269b2130634002c9b92259403b587865038f128dd7be73bb68"", ""data/m7_metrics_PickSingleYCB-v1_170m_seed142.jsonl:90:24e76b131b304c273e7555b826ec1056410b7d94853b8a77920b436613acb88f"", ""data/m7_metrics_PickSingleYCB-v1_170m_seed142.jsonl:95:58be47e09308c88fa06d47c57a9c625c9cfaf3222444cd0501ef319f7981e6a6"", ""data/m7_metrics_PickSingleYCB-v1_170m_seed142.jsonl:100:fe4a5afeee64bc4a113964c5fd08c41d011b8f2dd15dab6d256c85f6ab034876"", ""data/m7_metrics_PickSingleYCB-v1_170m_seed142.jsonl:105:62bdc3071dc93e25856416cdb1f5461fda2efb7495cae1e8c75dc2e71b846e1b"", ""data/m7_metrics_PickSingleYCB-v1_170m_seed142.jsonl:110:bc2358f54322f3991209577bc82b959537ebf3a7faaa87f803b3001f309e9c99"", ""data/m7_metrics_PickSingleYCB-v1_170m_seed142.jsonl:115:0c90c54119aa8c7eca06c8eb4ccc4a5c54d1d467d8fad6ca121bb6d9ac14ebb7"", ""data/m7_metrics_PickSingleYCB-v1_170m_seed142.jsonl:120:6fc9f301cf23f4d475730832a592b689fd50e081771c9cf7ded2f7b929274ec8"", ""data/m7_metrics_PickSingleYCB-v1_170m_seed142.jsonl:125:e532e4f4dad200a615e660df2f2a3f4b3dc5723081f9ccacd35b624f184eff5a"", ""data/m7_metrics_PickSingleYCB-v1_170m_seed142.jsonl:130:66a78bbac0da9957f2907a836ef7cf75cd0fb3c392599073729f942442c81873"", ""data/m7_metrics_PickSingleYCB-v1_170m_seed142.jsonl:135:1e71ba76b9cf9fe20bdd71ce6cafaaa6f728348bf5030db78e5ca863ea857c9f"", ""data/m7_metrics_PickSingleYCB-v1_170m_seed142.jsonl:140:c6efefd24a92521a785628d7bb0f71dbdc8667b8afcaceb1c64d5fcb1def2c74"", ""data/m7_metrics_PickSingleYCB-v1_170m_seed142.jsonl:145:0412843d23b80ba4032dac3b85a40bed1cb487b9e67930d5a9f2447236eee681"", ""data/m7_metrics_PickSingleYCB-v1_170m_seed142.jsonl:150:3164269368f3ea4e9274729b289b0cebf44e918d3e81f1f414697fec46e7002d"", ""data/m7_metrics_PickSingleYCB-v1_170m_seed142.jsonl:155:50a3d0efc7d0ec65a248b327243fcdc92da4055d8acee2e7ac81b2ffba4ef2ee"", ""data/m7_metrics_PickSingleYCB-v1_170m_seed142.jsonl:160:95006da534a7f55f2c1b17cb3679e0e225592f7035a30dc926819f39c66e94a1"", ""data/m7_metrics_PickSingleYCB-v1_170m_seed142.jsonl:165:b379a7c7538c7233e37fbb19b36e26474f565e18aabe815e99afe0df625b882b"", ""data/m7_metrics_PickSingleYCB-v1_170m_seed142.jsonl:170:859bf09d2ef303352c7d8d1fdbd9cc3d3af66b85b8188a70ef11f45d4bb522fa"", ""data/m7_metrics_PickSingleYCB-v1_170m_seed142.jsonl:175:46b85a7490b5e24dc04076ec63d71bab82b1412ea19b2246e2b004e9ef5d4216"", ""data/m7_metrics_PickSingleYCB-v1_170m_seed142.jsonl:180:b7a50843c5fe8afc4a55877a426126b2ac72dcb52601969cd22a3c64f59b8800"", ""data/m7_metrics_PickSingleYCB-v1_170m_seed142.jsonl:185:001b798d8b26e5b444a3fb69786010ead465637a1d346d54dd2f2ffd5f23a376"", ""data/m7_metrics_PickSingleYCB-v1_170m_seed142.jsonl:190:432a79997bd071c94731def2d73bd3c953b85e686be99e365002ed8e29fb8551"", ""data/m7_metrics_PickSingleYCB-v1_170m_seed142.jsonl:195:6885d26d548d7f6190b22fee54749f0922020de4c7318c927f6f2ccffe065774"", ""data/m7_metrics_PickSingleYCB-v1_170m_seed142.jsonl:200:cbb40edd4ddae18b14166b43d3637aa98bf98199e590dbe06f28e49270534506"", ""data/m7_metrics_PickSingleYCB-v1_170m_seed142.jsonl:205:0b5cad8be47c0c342940f95f39a613e78ba1a68058347ddedadfc49ae92d2c14"", ""data/m7_metrics_PickSingleYCB-v1_170m_seed142.jsonl:210:8d656e0a1223f25822a7a07776c39edf4c36ecb69a64aad2e5f895079b3201c1"", ""data/m7_metrics_PickSingleYCB-v1_170m_seed142.jsonl:215:56b69d4bfed0929273becafefd9c01326f5402b64f1dd4c515a6bf262c497ec8"", ""data/m7_metrics_PickSingleYCB-v1_170m_seed142.jsonl:220:acb8489f5bb5b313ffbd832240cda96a252216f44e0560197ecc49299012e114"", ""data/m7_metrics_PickSingleYCB-v1_170m_seed142.jsonl:225:7b7cb2b5e78332b56e23dfcc86dbe8366f887b2084cddb269046acb9e95e1b38"", ""data/m7_metrics_PickSingleYCB-v1_170m_seed142.jsonl:230:034805be33a41654612b4f2948ef0295d29e296121791bfd8dede9486d174cdc"", ""data/m7_metrics_PickSingleYCB-v1_170m_seed142.jsonl:235:807f2ff8cfb1ac29988d1f16d16c9a6022548b070f5fdeee861eb4529b3f2989"", ""data/m7_metrics_PickSingleYCB-v1_170m_seed142.jsonl:240:246d09a5fc4b85d7ec3165223f89db2e1c8d532d0e9a05a45730025b8d30c488"", ""data/m7_metrics_PickSingleYCB-v1_170m_seed142.jsonl:245:2781a60ae65844134efc4a3a9f405d422dcc21aa07738d723523b281dff7c474"", ""data/m7_metrics_PickSingleYCB-v1_170m_seed142.jsonl:250:b08e8ce9398639750a34904a6e062477456dc90631653e4baa67430752819ae4""]"
Verification,data/m7_metrics_PickSingleYCB-v1_170m_seed42.jsonl,50,1,"[""data/m7_metrics_PickSingleYCB-v1_170m_seed42.jsonl:5:1076001a44cac2c1ef67eb00ef4eabbf5e1e4c3191171fa9bd2344e71cec57b0"", ""data/m7_metrics_PickSingleYCB-v1_170m_seed42.jsonl:10:530ba0995471fc8c937b9623dca40aa84163dfcf08ef6e60e35239984612bf98"", ""data/m7_metrics_PickSingleYCB-v1_170m_seed42.jsonl:15:f5cbedd0865e53b369794d72a19752274f2afa8098dee813c86a4c4924314ab6"", ""data/m7_metrics_PickSingleYCB-v1_170m_seed42.jsonl:20:607d44415ad7be9ce715289aee8c6e5ef4e56d7ece98859d585d257a5c39b123"", ""data/m7_metrics_PickSingleYCB-v1_170m_seed42.jsonl:25:a11670b7e29a39d697e834871a620f4f907e47fee7e229bf8c31e8bacbcc60b8"", ""data/m7_metrics_PickSingleYCB-v1_170m_seed42.jsonl:30:c34d3e0204b1a9d400fc66f98527e44c5e391af177e1bac2d576b620c71aefa1"", ""data/m7_metrics_PickSingleYCB-v1_170m_seed42.jsonl:35:d2b950510d82d601178519e900becadb35f0197b42916dfdba128559ffddf081"", ""data/m7_metrics_PickSingleYCB-v1_170m_seed42.jsonl:40:4c4c1e4ca59e4a810d1ac472dfcc0379383975f9e6ef9a7afc2b75518cc89018"", ""data/m7_metrics_PickSingleYCB-v1_170m_seed42.jsonl:45:38bde3a73fca4ee794a4ec67ee061c2f5db1712be4fa45c6cdc6feb61f2c292e"", ""data/m7_metrics_PickSingleYCB-v1_170m_seed42.jsonl:50:cd622f1b0c35c19ce6f465ae7803a0eeb06479f6fd47bc1ef655bc92dd45bf5d"", ""data/m7_metrics_PickSingleYCB-v1_170m_seed42.jsonl:55:90edd2793498fb81197fcf65f15a2f8834416e56211bd7fdae496d06181dcaa2"", ""data/m7_metrics_PickSingleYCB-v1_170m_seed42.jsonl:60:fcd3441a3372ed703eefb31526052f69563501091b7f2540f28983ece6afc0fd"", ""data/m7_metrics_PickSingleYCB-v1_170m_seed42.jsonl:65:434dce6535d55c53ed56b730bf615e92ddfb41677f99b15498f2efc9f93229eb"", ""data/m7_metrics_PickSingleYCB-v1_170m_seed42.jsonl:70:696bcb5fe684dd635d9187152cd0d8723884cc55fd502168d039f19937ea3a44"", ""data/m7_metrics_PickSingleYCB-v1_170m_seed42.jsonl:75:ec0a7be05bce09408bc23f5557e41b5dd700e8c79b0d11d2da499dedcc80897e"", ""data/m7_metrics_PickSingleYCB-v1_170m_seed42.jsonl:80:92b619ed0ec87d7476196ba3a121bb9b4ca0fc3eb247e1ef31b3e3ced222a009"", ""data/m7_metrics_PickSingleYCB-v1_170m_seed42.jsonl:82:5be405f6b1916903015c6f30720d9dd19414b71c5aa7d8112ce6f8721876935b"", ""data/m7_metrics_PickSingleYCB-v1_170m_seed42.jsonl:87:060ffa9797876d08c2ac06df5a477cb44855c53154b8bf92bf6ad57a7ecac9ba"", ""data/m7_metrics_PickSingleYCB-v1_170m_seed42.jsonl:92:c253370dd061bd060b03c2b4973a2c694c381c58a9865165ac476ace47104be6"", ""data/m7_metrics_PickSingleYCB-v1_170m_seed42.jsonl:97:66195f5025c0c99cacdc5fa278aae1a59e5f371ced14ba2dbd8636bd50939361"", ""data/m7_metrics_PickSingleYCB-v1_170m_seed42.jsonl:102:39c1d9e2c35b29008b818220bb2c3105a5954c4f66d48493cbb36d12b34da161"", ""data/m7_metrics_PickSingleYCB-v1_170m_seed42.jsonl:107:101c631080562d5960663849b85e1654051143c37bbbd9d8f33798fc574777e7"", ""data/m7_metrics_PickSingleYCB-v1_170m_seed42.jsonl:112:cf210748bc2106955b4015af64592c186dbeb8afda4bf461603ea3366e539cdf"", ""data/m7_metrics_PickSingleYCB-v1_170m_seed42.jsonl:117:190020e1a91f46deef1ddd772a3b5a1e54d73653311a9da266a1b93f5b7b41c3"", ""data/m7_metrics_PickSingleYCB-v1_170m_seed42.jsonl:122:214d581ebc9c592df2d6f16afa5ba8a46ad485b05ff18aff9ebc658f4c8004bd"", ""data/m7_metrics_PickSingleYCB-v1_170m_seed42.jsonl:127:2e608eb324308a92e25f68141e666b5f7e0e8658206456805f65ec4b2b4d1557"", ""data/m7_metrics_PickSingleYCB-v1_170m_seed42.jsonl:132:a546bbff7b8bb5e355e4bca899bf54400b6b730c8ee350e8d316bf741935d8c7"", ""data/m7_metrics_PickSingleYCB-v1_170m_seed42.jsonl:137:a8d24ee0d76a34aa461a861eea2c40c21685f614fdb68530a644adbee9c12c65"", ""data/m7_metrics_PickSingleYCB-v1_170m_seed42.jsonl:142:f311f9643dea7c47c33ab9d986a99f2a7b508a45fe73326b17e0f92366104918"", ""data/m7_metrics_PickSingleYCB-v1_170m_seed42.jsonl:147:098f349533486e814a69bbd1ec75df3f01b0ef46a78707467dac3f90adb2ef6a"", ""data/m7_metrics_PickSingleYCB-v1_170m_seed42.jsonl:152:8f24388ab31c576264624789865220367d5b6b230515bca27fb055642672cdf8"", ""data/m7_metrics_PickSingleYCB-v1_170m_seed42.jsonl:157:d8d164f81517ea9909242c968d5de0f93a629ececb6b90c423faad34b59f5700"", ""data/m7_metrics_PickSingleYCB-v1_170m_seed42.jsonl:162:0e39a43400c40ed2139a5c7ca40312e94b7ff889e57fc22d04ff828805abe67e"", ""data/m7_metrics_PickSingleYCB-v1_170m_seed42.jsonl:167:f5fe68249a3f39702dc55f24c3283daea4b400de7acaad601a4b51787b80a2e7"", ""data/m7_metrics_PickSingleYCB-v1_170m_seed42.jsonl:172:5b2642815eae018acf7bc7942f930f15c4a3f79b86002174cf5ef2949f5a3aec"", ""data/m7_metrics_PickSingleYCB-v1_170m_seed42.jsonl:177:08d46320ac29d2508c2d11b4404f2ef4fa95af80f0b9ef0ddac2995d95c90456"", ""data/m7_metrics_PickSingleYCB-v1_170m_seed42.jsonl:182:ac3d80c41930d10955fcaf6caadcf81b773a43a09487b5726c2a17c595bcb18b"", ""data/m7_metrics_PickSingleYCB-v1_170m_seed42.jsonl:187:87393865e1add6655392e468a9f65cf7c7bc0cece04c03d541dd3f2b1df72253"", ""data/m7_metrics_PickSingleYCB-v1_170m_seed42.jsonl:192:9125542b47992c36ddb73ad6995a1a21871564dd2afc6177b2cbb999aa1e0ef5"", ""data/m7_metrics_PickSingleYCB-v1_170m_seed42.jsonl:197:c639e304b79f25323f9d68eb8bb1dc91032b3550534c40ba78f16cdb1ef86879"", ""data/m7_metrics_PickSingleYCB-v1_170m_seed42.jsonl:202:512a086529cd48118442f7beb1d6ffed364dc2cb9aa0527322ee7962db4343e7"", ""data/m7_metrics_PickSingleYCB-v1_170m_seed42.jsonl:207:633f0ba8ccc21f5de2abacad2a576d2e3b632fc1cf8b1ce63adffd88d248cf39"", ""data/m7_metrics_PickSingleYCB-v1_170m_seed42.jsonl:212:1b8344a18e4ca4853da77cdb7cba97d64cc75a9ec372d6655f34d1ea968de27e"", ""data/m7_metrics_PickSingleYCB-v1_170m_seed42.jsonl:217:57853f29a7628efe5dab33a3a86b0426389f9c745f0156ef13b04a9b7c9e5c5a"", ""data/m7_metrics_PickSingleYCB-v1_170m_seed42.jsonl:222:776fb0aae83dbeeaeb431096bdab9a92986199f6704eecfdfc22fe1c78612a5b"", ""data/m7_metrics_PickSingleYCB-v1_170m_seed42.jsonl:227:0fda15ee27385de70f78ddc6bf3011d2f7c1a42254d06ccda79be5818e0dc545"", ""data/m7_metrics_PickSingleYCB-v1_170m_seed42.jsonl:232:a22d6bcacc63073c9513e7d804b4aabc57e3b30120251051de25ff97c0a504f0"", ""data/m7_metrics_PickSingleYCB-v1_170m_seed42.jsonl:237:4a307ff6285dbf26b9135b656a320624173b3b4735884488f7ed38849229bd9e"", ""data/m7_metrics_PickSingleYCB-v1_170m_seed42.jsonl:242:64c10899399a095765e339e397f980d6fa3e97b3397e6a34a72516362009adf9"", ""data/m7_metrics_PickSingleYCB-v1_170m_seed42.jsonl:247:616e56ed74df1c2821dce86fd23faf98c1e1012bd91b9b3d0f362e9098bfa3b8""]"
Verification,data/m7_metrics_StackCube-v1_170m_seed142.jsonl,50,0,"[""data/m7_metrics_StackCube-v1_170m_seed142.jsonl:5:530e71cb7ffd5f3bc9295dff6ce7bc24f03ccfc33835fa1264c0e9d201557c56"", ""data/m7_metrics_StackCube-v1_170m_seed142.jsonl:10:10336d96032909ad65c4a9e2fe41443a6f406783fe525573ac4416266cd88f3e"", ""data/m7_metrics_StackCube-v1_170m_seed142.jsonl:15:6ba2530366d9fbc6d1a93ac9910f61317bfe1815e9d17c19a8fc52c10f8b9f12"", ""data/m7_metrics_StackCube-v1_170m_seed142.jsonl:20:f25212076820f7296eb1cadb2e336a13fba5e5533385491efdd5897f87c36ccf"", ""data/m7_metrics_StackCube-v1_170m_seed142.jsonl:25:8505e2e4f1e2cac35168dd8bb131f98abf9997f0b276c0fc5a7b7d5b2150db6a"", ""data/m7_metrics_StackCube-v1_170m_seed142.jsonl:30:211f2080c6caa1dbaa00c8d87e40d44e3adf3a0456530aef4667793187b52e86"", ""data/m7_metrics_StackCube-v1_170m_seed142.jsonl:35:a99eaca855712c81219f193080a7bcf0ac42c3d3b29b1142258d9081ae91d89b"", ""data/m7_metrics_StackCube-v1_170m_seed142.jsonl:40:8a03a1f551bfb36a262d86b624cb636489bb03f86eda24e4ef0c3edc09b837e6"", ""data/m7_metrics_StackCube-v1_170m_seed142.jsonl:45:59b6e168358ca3968b6ef42a5b555c6d29daf590499c22f2c612b8530ead09e0"", ""data/m7_metrics_StackCube-v1_170m_seed142.jsonl:50:caa00d03ddaf1febc45f989cdb2aae2fb9821dd83db45ee0d3081f7e50448092"", ""data/m7_metrics_StackCube-v1_170m_seed142.jsonl:55:ea522dbc9112d22808ad1bff65dcdd19fb4e1beaec18b1b8ca552dc597465c1e"", ""data/m7_metrics_StackCube-v1_170m_seed142.jsonl:60:377bb30ce712a2ccbb1d8961c75afaf1018c223735c166be1f8aea461a566c7e"", ""data/m7_metrics_StackCube-v1_170m_seed142.jsonl:65:8eafcbb0224124eca99290c17aefe7ac1b75c0ff4161f8fe3a05acc1ad96331f"", ""data/m7_metrics_StackCube-v1_170m_seed142.jsonl:70:bf18dac54ae50d4f109190027ce8bb25e81eff7e8efed60ea5ae5a8f88ee7d99"", ""data/m7_metrics_StackCube-v1_170m_seed142.jsonl:75:bbb3e60c55baee3caac89af485628244898c352836a187235720d1d3536f3fff"", ""data/m7_metrics_StackCube-v1_170m_seed142.jsonl:80:af750d4a07bc91c7f05f9a6ed7a5730205b52633fb366122d081729363faceb3"", ""data/m7_metrics_StackCube-v1_170m_seed142.jsonl:85:d7eb94f3d072dfd50fd89d11673a0fdfdb5e6021bb92ff10087e53b294457810"", ""data/m7_metrics_StackCube-v1_170m_seed142.jsonl:90:89ddfa782a25297988643d0e600919a42da1982176fa60aa5297dfd5ebdb3c00"", ""data/m7_metrics_StackCube-v1_170m_seed142.jsonl:95:c320e92389a0dbfd70e476e3c077819cd97419e19055baa2c2ef24569f5be656"", ""data/m7_metrics_StackCube-v1_170m_seed142.jsonl:100:e051ceb33db97df12ea4147709adc1558e6d3291fb6b905c29a06b5689311ffc"", ""data/m7_metrics_StackCube-v1_170m_seed142.jsonl:105:ea32006a9ed3eaf46ee26250c6e81d9f6b9e5d4e5dfaa8816466d7587644e60f"", ""data/m7_metrics_StackCube-v1_170m_seed142.jsonl:110:c463660f1f6dd344742bd55f57f16258bafade172809b8aba3dff87fbdfd1c52"", ""data/m7_metrics_StackCube-v1_170m_seed142.jsonl:115:f0b2e5d39eafdf8b08479da927859c05f9480c6a6e8aa712f3c4dee093e29289"", ""data/m7_metrics_StackCube-v1_170m_seed142.jsonl:120:0fc3a3f55c23adb9a687c9f7fa6bc783e8422eb87331847c002f1f24937722cd"", ""data/m7_metrics_StackCube-v1_170m_seed142.jsonl:125:b8bad300d266873bd3e54734975e9da988ca0621effb2c416175b7a5000bea56"", ""data/m7_metrics_StackCube-v1_170m_seed142.jsonl:130:9b53f829a20fe580404bbf1c3689c5269a7cf788ecef71e6c1618e8307e6e222"", ""data/m7_metrics_StackCube-v1_170m_seed142.jsonl:135:442a74724c61e4da64571d2baed164f1fd1cf9e63464c20b1a367f4733f8e8c9"", ""data/m7_metrics_StackCube-v1_170m_seed142.jsonl:140:1bd1444489f8cd68e2014007a357b5b044cd5e5d0ce8308d5e738c15fb48f2a7"", ""data/m7_metrics_StackCube-v1_170m_seed142.jsonl:145:45ac766ae16baaa42b1f13ad3e192ca533210f88b4c1685fe745ea7db57d405a"", ""data/m7_metrics_StackCube-v1_170m_seed142.jsonl:150:48654cef8a1aa396a7c2d3742dd936822c65df450e332e68240b086f39a47241"", ""data/m7_metrics_StackCube-v1_170m_seed142.jsonl:155:b1cca61ba575e1a2fa6e99d85b343ac31f2922f8c09b7e7e36c4621afb531c4f"", ""data/m7_metrics_StackCube-v1_170m_seed142.jsonl:160:efc7c91a7f064e79cb92fdb7658690ce487c48efa9b967f3a303a235f1f555a4"", ""data/m7_metrics_StackCube-v1_170m_seed142.jsonl:165:6421e73b26944606445d1ba29972e47c16872a1768397859c25553c97a71afec"", ""data/m7_metrics_StackCube-v1_170m_seed142.jsonl:170:4bceae1e16c3bcbff1ed15d2a4c9b1524ac9c8e1d077f8e234aeb8d757122f25"", ""data/m7_metrics_StackCube-v1_170m_seed142.jsonl:175:a2c2b039f7fa84a70c16ee7a247b121420f7a24e2a06626560e94d72a9105b7e"", ""data/m7_metrics_StackCube-v1_170m_seed142.jsonl:180:979c37c2cc9cf0a771905927f39dbc7ad6cad2ca1ef5a374f7921a7e55b83bbe"", ""data/m7_metrics_StackCube-v1_170m_seed142.jsonl:185:108b8fba0d55dfc1d5c59172196b76eb81aeeeb36afc2e4e8dbf0cdbb728a0af"", ""data/m7_metrics_StackCube-v1_170m_seed142.jsonl:190:687043665c67c34b6415a38cf3a137c3b40badbf39e4c91ab792108f685a8dfb"", ""data/m7_metrics_StackCube-v1_170m_seed142.jsonl:195:c6034894bd186e2918a63262c9d22daa950dabff144f2ec980b707f58b534156"", ""data/m7_metrics_StackCube-v1_170m_seed142.jsonl:200:1beaa29b3b6f825003a32bf9d4f7839d750e3e5a37a922bada58bfce859f5dd4"", ""data/m7_metrics_StackCube-v1_170m_seed142.jsonl:205:8fc74214a96e511bcdc0e3d6bec6e5a0f51c19648383547589470ec71d7e7b8e"", ""data/m7_metrics_StackCube-v1_170m_seed142.jsonl:210:f3468ec37fb0799e2bb85821423e10e4df199f88abbdcc1737cc1ee8ba1c2475"", ""data/m7_metrics_StackCube-v1_170m_seed142.jsonl:215:e4b1a4ce5fc42e38561ed05c6adf642f8acbf0cade035a9075289de66df9edc0"", ""data/m7_metrics_StackCube-v1_170m_seed142.jsonl:220:f8925dcee86e27c2ed083a4e416e2d59695a67091e57129f3e26dfd7b8aa4e7a"", ""data/m7_metrics_StackCube-v1_170m_seed142.jsonl:225:8b421007c5fc3c0d001660c0831463ab4e6bfcdf200426da8c72f5bcdc732187"", ""data/m7_metrics_StackCube-v1_170m_seed142.jsonl:230:df3c5d3af03c03c0f66eff0ee772ad3ede83260e94768f97f8d7bb47c12d6e38"", ""data/m7_metrics_StackCube-v1_170m_seed142.jsonl:235:c3167fc4338d3d65663784d2486933deba7cbe2421184f9ac4571ba40d8166e6"", ""data/m7_metrics_StackCube-v1_170m_seed142.jsonl:240:6c744c760ec8efd2b57614fb68de1b5d141742d9f60370ef945578ba4c115d69"", ""data/m7_metrics_StackCube-v1_170m_seed142.jsonl:245:c6a4914a902dc1525a61c6d9f19259d5f5baa36150b4cb0884fe72a96d26021d"", ""data/m7_metrics_StackCube-v1_170m_seed142.jsonl:250:03b3c5953c3688d23c709cef18c0ff2b395623e9896848876a68a0d65aae8ea7""]"
Verification,data/m7_metrics_StackCube-v1_170m_seed42.jsonl,50,0,"[""data/m7_metrics_StackCube-v1_170m_seed42.jsonl:5:3d5a1a515be67bdb2df90851b0e99d180677f7d0006c906b10d961234c35d694"", ""data/m7_metrics_StackCube-v1_170m_seed42.jsonl:10:ea1ca3f607930d72f9155afc7cdb3df3bf7ee03612c9a1bada8cff83e3e3a9c4"", ""data/m7_metrics_StackCube-v1_170m_seed42.jsonl:15:f1c34c0279b00f0f416ad5e0f670e06b193b93a4e63054fcaff7a167b044ba57"", ""data/m7_metrics_StackCube-v1_170m_seed42.jsonl:20:899fcd56031df23fbe70e917e420189c1cfcd1133cabe2c3333220e3dc514cad"", ""data/m7_metrics_StackCube-v1_170m_seed42.jsonl:25:2fcdc9014f3735cd60fbd1ae1ee25257f45fc2f2138ff323a022248098d9c480"", ""data/m7_metrics_StackCube-v1_170m_seed42.jsonl:30:b1902e7153dd024a80ebae5d9ea3af6e06d0d6eb1cbc58a30fbe01b2bbb5a491"", ""data/m7_metrics_StackCube-v1_170m_seed42.jsonl:35:1326f189132307513857f2e2473992e34328da683d411bdd9505a892c1335d21"", ""data/m7_metrics_StackCube-v1_170m_seed42.jsonl:40:e8d1113d0f5a0e3ac060a6a18b04d16813e1de5a559d0d830e657fa4be9fa03e"", ""data/m7_metrics_StackCube-v1_170m_seed42.jsonl:45:4be73eacf3176b8d4cf398e000068f005a290befd48febf919cb80a8ac94a3cb"", ""data/m7_metrics_StackCube-v1_170m_seed42.jsonl:50:5cf93712370b7c89751a5851b78487d7c613b3d1527ead093b15fef883e9bf1f"", ""data/m7_metrics_StackCube-v1_170m_seed42.jsonl:55:faa27cd6a00af965e05a9ea903023971423a0e5c6adf4037ac959e61c38a00e8"", ""data/m7_metrics_StackCube-v1_170m_seed42.jsonl:60:1c1b1efbc3fbf5f34d2053de9dbd859155f70ee37c5e07d259c9d1c9872ab5cd"", ""data/m7_metrics_StackCube-v1_170m_seed42.jsonl:65:8f59feaa3e0ad7784dfa21c59d6e274551d2c0087eb863464edb7cf0cd3e7ed5"", ""data/m7_metrics_StackCube-v1_170m_seed42.jsonl:70:487796f2e5a8f3f6065fcbd60ddca854199b01fdcb95a81e15e96e7e2dabe70b"", ""data/m7_metrics_StackCube-v1_170m_seed42.jsonl:75:9d6fd1d16f0430203662c5b06305ca7d6341313560f9204ec0389fb2f8a00340"", ""data/m7_metrics_StackCube-v1_170m_seed42.jsonl:80:3f460039af0a018a1005f3a7f2644690774ee3e1c25fb57fe6ce21de56b58277"", ""data/m7_metrics_StackCube-v1_170m_seed42.jsonl:85:4c75a394375e756c9f371707a526c402cbc3a26093903db79792583e912d2134"", ""data/m7_metrics_StackCube-v1_170m_seed42.jsonl:90:3b02c5e15bcf31ec3e44493cb18527eb95dfceaffb1418d555936fe0878c73ad"", ""data/m7_metrics_StackCube-v1_170m_seed42.jsonl:95:41e4ec1447a46f886777167b7f618cb3acaf48d1192f19d5ad8b3744f18cb57a"", ""data/m7_metrics_StackCube-v1_170m_seed42.jsonl:100:dc10e9f2fc38c71e898c0f49090924be359c57ece403cdff9c86bbfd2ffc69b3"", ""data/m7_metrics_StackCube-v1_170m_seed42.jsonl:105:9551909a5ec977591d5c474f6a67c2e2e4ccacf1ead3eab433e74b599e211da6"", ""data/m7_metrics_StackCube-v1_170m_seed42.jsonl:110:22a7412819f6ea2b365d6a5696d76fa04b5ea3952f4eea25f0890ac62bc4061e"", ""data/m7_metrics_StackCube-v1_170m_seed42.jsonl:115:779d42666b694b05b5a29c0ada67265ffed31c8b2600ffa99e0ee3d4d1e67805"", ""data/m7_metrics_StackCube-v1_170m_seed42.jsonl:120:61dce75eb72b24516f2145f89fd6714a0a069a22b56691ef7f6fa270c39186a8"", ""data/m7_metrics_StackCube-v1_170m_seed42.jsonl:125:e80c08968f878fb137ef4623bfc68a88088930449c2ba2a54f78490cdb4657e4"", ""data/m7_metrics_StackCube-v1_170m_seed42.jsonl:130:f9c0c89e2d8fff7c8a7d725625fef55f4c139cf8d72a56a239b365150f5e809f"", ""data/m7_metrics_StackCube-v1_170m_seed42.jsonl:135:b4249a0dc8ebc2252adb1bb5dd47dee8d05829a025c5dac59d822fc6c43d0ae7"", ""data/m7_metrics_StackCube-v1_170m_seed42.jsonl:140:594d04b709f64508c43bfe85d5bc829be089e18b9c11c40c782dee2ea57f1c95"", ""data/m7_metrics_StackCube-v1_170m_seed42.jsonl:145:35bd03a04aba123c4c34ed1fbcf6fdda9432567a084463a4e3d2579db9cd9dbe"", ""data/m7_metrics_StackCube-v1_170m_seed42.jsonl:150:4ea7544a77ace8d4e3819d274452d96304fb01d960ccdeaac3acdf3824fc985a"", ""data/m7_metrics_StackCube-v1_170m_seed42.jsonl:155:53f9c042f8d455491fda22650b28af242efe80152a4bb70e7037ca04899a7c3d"", ""data/m7_metrics_StackCube-v1_170m_seed42.jsonl:160:9a7937576e367cdc76e6b91ae403473d3b985d52ad5da2d2dfb6b3e96389515e"", ""data/m7_metrics_StackCube-v1_170m_seed42.jsonl:165:788a593509ca6f0a1859e52b96e8d1f4e07f9452aec46f6e9be335b3f433a36a"", ""data/m7_metrics_StackCube-v1_170m_seed42.jsonl:170:216ec84fc5705de20d9fd7b0cf723783fbde6961786c2b6548a3c72208015860"", ""data/m7_metrics_StackCube-v1_170m_seed42.jsonl:175:7b24f6d2475324c590f325866dfb9abfcd93034d9a00bde57c4873b370eb1b36"", ""data/m7_metrics_StackCube-v1_170m_seed42.jsonl:180:771c1b6be16bf254f70c6f82924ad7e6386191cbb2b7b58e2e6f69552b9b3041"", ""data/m7_metrics_StackCube-v1_170m_seed42.jsonl:185:0e11f2615d97aefb4b447b938a2cd32daee9cff78d737e4f102523732d7d31af"", ""data/m7_metrics_StackCube-v1_170m_seed42.jsonl:190:f6d282c3532140d713c789a7a38a3c00a2283f49b196708b964aea6b9fe4ef06"", ""data/m7_metrics_StackCube-v1_170m_seed42.jsonl:195:17a3f8a0a14f3084e925cbea6e7cada032d0c85e01b28235efe7e7500252f6be"", ""data/m7_metrics_StackCube-v1_170m_seed42.jsonl:200:fa51c00bd4dff7ea8e1967b0be53841b6c5aadade750a50adaaf12383cc663a8"", ""data/m7_metrics_StackCube-v1_170m_seed42.jsonl:205:babd6de4617876c6d5e62eb85a04473998f0165ab6ac0bd2332d55405422eb14"", ""data/m7_metrics_StackCube-v1_170m_seed42.jsonl:210:5b5e2b091aba82f89239b7b026d51e469c05bee322d138e6aac3382ec767e795"", ""data/m7_metrics_StackCube-v1_170m_seed42.jsonl:215:f0b4878da132201de2ef640ab60c510845a576b49adbbe5dcfceb49af9eb8b5f"", ""data/m7_metrics_StackCube-v1_170m_seed42.jsonl:220:f14339a4fd50501edc2872a55a806ecc839cf1475f049ce06887b7800904d649"", ""data/m7_metrics_StackCube-v1_170m_seed42.jsonl:225:7ee890c765b367ac3133d72d4f2c81890911ef76aaf308be5d5969355bff6a44"", ""data/m7_metrics_StackCube-v1_170m_seed42.jsonl:230:d13198f6729f5ba2336cac5d8304a1977fe04d957fd3a582a875318d2ec34f71"", ""data/m7_metrics_StackCube-v1_170m_seed42.jsonl:235:ae47b13fdf6badefc32d77721472f8b3341534c65ce4905d6100a42e827966c6"", ""data/m7_metrics_StackCube-v1_170m_seed42.jsonl:240:793076cbafb3f774d3e8116f790299cc86a82ff8310858234a703deb827a4e6b"", ""data/m7_metrics_StackCube-v1_170m_seed42.jsonl:245:d6e40c655de6d9059e5442babde054907ae942bdfbce39d5f48181cabc5e777d"", ""data/m7_metrics_StackCube-v1_170m_seed42.jsonl:250:6ef12b9cfbb59c1160b4e4b3498f384acbd4b388d49aaee650cb50b6d67c714f""]"
Historical 1B,data/metrics_PickCube-v1_1b_seed142.jsonl,20,1,"[""data/metrics_PickCube-v1_1b_seed142.jsonl:26:a2c396df6b319c8dc0cb72d875790814cd72aefb01e510a6e53c4f9de1d5a017"", ""data/metrics_PickCube-v1_1b_seed142.jsonl:52:b50973a0d21c72c2313d14dd0458ece60212b8eb04800393864bda932714e4a3"", ""data/metrics_PickCube-v1_1b_seed142.jsonl:78:53a32971b18ce581f2f0c5f5545ee873214f3df46f0c45989737d90fc0bec2fd"", ""data/metrics_PickCube-v1_1b_seed142.jsonl:104:691c5614fcee0f561a1a125d38ac0ffab56c1f0d12d215fcb9f43f81a6ee8dac"", ""data/metrics_PickCube-v1_1b_seed142.jsonl:130:da29a9d6b5845774b82bf184c4c61ef3d13418e9258f298ff33a93db2905f77f"", ""data/metrics_PickCube-v1_1b_seed142.jsonl:156:cca3e5985c1d8c736695c7142ef2ab4bce1d76897157ca2d785af7164c18e1f7"", ""data/metrics_PickCube-v1_1b_seed142.jsonl:182:540c539c9833bfecefc073bd6ea8a9fd81945b4a6c9b15bc3cc148c507e75595"", ""data/metrics_PickCube-v1_1b_seed142.jsonl:208:18dd43025a6f6dd12b072d901fe8a4c97c776c82cf3dc1305dde3a6442a6f040"", ""data/metrics_PickCube-v1_1b_seed142.jsonl:214:c716f801851a170405aee34784290c2a0fd3ef4e96ceb03782e79beebbc161df"", ""data/metrics_PickCube-v1_1b_seed142.jsonl:240:4aa7c083f6ee8f3df332fc43149ed7fb4d8b07886103551ba171fae2064f264d"", ""data/metrics_PickCube-v1_1b_seed142.jsonl:266:1f644779e246f329d63488f312b92f5d969513fcd5ec8ea37eb4fa1e5c9bcb58"", ""data/metrics_PickCube-v1_1b_seed142.jsonl:292:da5934b373171758b2b21aaa6af331d96a8913dbb3b514089f3ea513e9f86b24"", ""data/metrics_PickCube-v1_1b_seed142.jsonl:318:8d5a6ecaffcdcb134585b090745cfb3a96b07eb9d6fc87e839c0d4b5903d8d77"", ""data/metrics_PickCube-v1_1b_seed142.jsonl:344:21240ba7543dd2ca3bb22ff5138b8b0fde0811de2e0ff46291269ad5b878a034"", ""data/metrics_PickCube-v1_1b_seed142.jsonl:370:7a18a5656def3a79989af2abad385788ee66a735bd62833be8296f1e4e367358"", ""data/metrics_PickCube-v1_1b_seed142.jsonl:396:1ec8e48fea3c2424ded3795a2fdab356dce5a14b58f2b0b1246d8fc00259b6f4"", ""data/metrics_PickCube-v1_1b_seed142.jsonl:422:71452f04f827d361a67524f854ff9f265ced1fabbca423bbeeb4d7969d5df594"", ""data/metrics_PickCube-v1_1b_seed142.jsonl:448:41c01fc8dac4ad7991551e54b7a815e30c0b798725bc4012f98bc2779756701d"", ""data/metrics_PickCube-v1_1b_seed142.jsonl:474:23cf315c974971f58987e042cff19a20d5cc4cc448ca5cd7b5305c1448762a0a"", ""data/metrics_PickCube-v1_1b_seed142.jsonl:500:d98cec12fd0642285eae111851ba81b6cee40eb687d30f7577bd779ef09f225a""]"
Historical 1B,data/metrics_PickCube-v1_1b_seed242.jsonl,20,5,"[""data/metrics_PickCube-v1_1b_seed242.jsonl:26:47246b9d63f83e95da91ab6c646d589af5ff0147f53aee0ef9d053804cbc5f94"", ""data/metrics_PickCube-v1_1b_seed242.jsonl:52:6c2849fe2b8b3b78d7fbd8875243c186cd70e88a1bf331657b54bb71cbf23803"", ""data/metrics_PickCube-v1_1b_seed242.jsonl:58:3fcb1013449001cbbacb22e3e5f131065cbaa515c7d6248df873dd03d7889555"", ""data/metrics_PickCube-v1_1b_seed242.jsonl:84:e666b2a85b30892452aeeb691a9acf54960e6dde88b01c42f62157370bbf4d0b"", ""data/metrics_PickCube-v1_1b_seed242.jsonl:110:312888b81929470404ac927716956be9e3d13048ad15d1de78c226a0a90de9a7"", ""data/metrics_PickCube-v1_1b_seed242.jsonl:136:4bb612d68b7d4ec00ee36faa616fd288e836bdb0ec15e6d4f418bce604585576"", ""data/metrics_PickCube-v1_1b_seed242.jsonl:162:0d88445ec5b17cc44db4569d522756086ad5a88650cd9259d544da159aec6cae"", ""data/metrics_PickCube-v1_1b_seed242.jsonl:166:1ff44a19f85e06a7fddaf8fe7ed04b7ddf1f9c4a551c218bb367394f2ca77869"", ""data/metrics_PickCube-v1_1b_seed242.jsonl:192:24dee94b4b584a212228b290decb28718393662987e29e528e8feddd50864e69"", ""data/metrics_PickCube-v1_1b_seed242.jsonl:198:5442a83f861f8aa9dbfa4ac9ffd1736b70ff36658a671286ee9251084b9abe79"", ""data/metrics_PickCube-v1_1b_seed242.jsonl:224:2755b473aa35cb94be417f0f6b30f3a95e7a7876cda42b84deb9ecb8c2b36daf"", ""data/metrics_PickCube-v1_1b_seed242.jsonl:250:67b9b031488f2e993d87cd4c8c949cf0f4a60ba9dfc6dae21bd1e9b730d39d5f"", ""data/metrics_PickCube-v1_1b_seed242.jsonl:257:83ce36c5d599f4295a29a19dbe59cf32139fe6a7f2f2d275cec95bd5f05faa42"", ""data/metrics_PickCube-v1_1b_seed242.jsonl:283:b025780b503e923fd3e8ef0afbdbc1afd5d948c73a98ff0952c779f61e12806e"", ""data/metrics_PickCube-v1_1b_seed242.jsonl:309:d476c0758918b343010135b24b7583a4f2b0211ceca1637087c12c2ee12e9c7f"", ""data/metrics_PickCube-v1_1b_seed242.jsonl:335:0e5cca5c8254f8283559b414648b9af4f1c8a7570a58654029e406f3df08810f"", ""data/metrics_PickCube-v1_1b_seed242.jsonl:361:bc981da53edd46418cbcefad3eff12fb745d4ebe4e125de6d2ca75d3f6707740"", ""data/metrics_PickCube-v1_1b_seed242.jsonl:367:83df716c2a8462c38f6d353874489fc37501aae54f841958a0b222e3c91546bb"", ""data/metrics_PickCube-v1_1b_seed242.jsonl:393:ece57af5687554a3b106cd88b19acdb7d0db48f0eaa1f80ac9f439a800115dd4"", ""data/metrics_PickCube-v1_1b_seed242.jsonl:419:c55b06badee28587f6001c77199a544632494aa10dbe59d49a3185d9055acad9""]"
Historical 1B,data/metrics_PickCube-v1_1b_seed42.jsonl,20,9,"[""data/metrics_PickCube-v1_1b_seed42.jsonl:26:dea4c5262b29dc59ed22fcf3fa131f604b98086831bf4e070d1a4a5412513742"", ""data/metrics_PickCube-v1_1b_seed42.jsonl:52:939ede36d161f12d438bd98681a572c990dff9fb4a8528b7195dfa7cf452dee9"", ""data/metrics_PickCube-v1_1b_seed42.jsonl:57:0b40cf298019347fa726116bd7187875d01ba7535e6b2d9d931c7774d865d17d"", ""data/metrics_PickCube-v1_1b_seed42.jsonl:62:a189399dcaa22588ef04af8e9a2acb9053fb71083f99614a9a4ff1b5ed1b9a58"", ""data/metrics_PickCube-v1_1b_seed42.jsonl:67:1980b7d2e07fbcf819cc50de95dfcac4b4acce60df65d97dab0b304c0024f39a"", ""data/metrics_PickCube-v1_1b_seed42.jsonl:93:c4bd15416772669a2a5971a4a666e9a3542e1a26d8ffe23735da210059853d12"", ""data/metrics_PickCube-v1_1b_seed42.jsonl:119:4d3005e016ed750a52333ed4e9dbe9f20dc3c8697a3c3b121b3d559eaf670124"", ""data/metrics_PickCube-v1_1b_seed42.jsonl:126:1005232baa80d51fded4a7d20348e888ef680e2f733b8035b3f494da85e98022"", ""data/metrics_PickCube-v1_1b_seed42.jsonl:152:b87240f0b6f7ebf08ef3160793fefb92faf49ec40dfbb89a42daa756eef82609"", ""data/metrics_PickCube-v1_1b_seed42.jsonl:178:526907a7dbf2cd9c3799964584c922445d7540b876b50b09db8603a58de08d68"", ""data/metrics_PickCube-v1_1b_seed42.jsonl:184:2487c1932e20fc3a8f70b9c29878f1880f056651635364a8057ce95c0d2c877d"", ""data/metrics_PickCube-v1_1b_seed42.jsonl:196:52624b5ba3e9d3020fe6085eb8c4d35b697aa7a07f0e12c5fcc8e69bd84c3e65"", ""data/metrics_PickCube-v1_1b_seed42.jsonl:201:2f4172dbda63bd5e69454aa1ec66f0286a0e900f5657e2678e2ade1d4b4bf92e"", ""data/metrics_PickCube-v1_1b_seed42.jsonl:227:68fe5c0a12b106b70d72ca0a36c0944426d11926209fa895b819a92fa7ee5616"", ""data/metrics_PickCube-v1_1b_seed42.jsonl:253:9b4138267ca85694b1392741184767b26456749830e17b0078a61b10553d41e4"", ""data/metrics_PickCube-v1_1b_seed42.jsonl:260:4554e4123f7e8669ea46ff41014cbe2890987e45b1e05108b9b04a3ba3fb4124"", ""data/metrics_PickCube-v1_1b_seed42.jsonl:262:1beba6fc8b459da532592396904b9baed2d2216e29d26f9b2552590260723311"", ""data/metrics_PickCube-v1_1b_seed42.jsonl:288:6f4e9b12260ed133eef11c018d8162d7e104ac33d3accb6ab4bee0d5df7c19c0"", ""data/metrics_PickCube-v1_1b_seed42.jsonl:314:5e3a27f6fea73f1380c895e680800789532f96d19542342df51b6cebc5ff2fa9"", ""data/metrics_PickCube-v1_1b_seed42.jsonl:340:05cb699b237545e788a420a7ad10318c4b2c9a7a3cd2bccb1345f971b76fb318""]"
