stratum,episode,call,context_id,modality,target,candidate_m,reference_m,report_sha256,coordinate_relative_l1_IG,coordinate_absolute_l1_IG,reference_coordinate_l1_IG,coordinate_relative_l1_path_gradient,finest_signed_gap,finest_signed_sum,finest_absolute_residual,finest_relative_residual,finest_completeness_over_recorded_threshold,max_rms_curve_absolute_difference,max_rms_curve_difference_over_baseline,finest_pair_has_threshold_violation,finest_pair_violation_checks,full_ladder_violation_checks
pickcube-170m,0,0,bb81d57f9e16bf591c45d8bcd003c3e11e9939bd03bafcef3d8607afc936b241,vision,Q,256,512,fc8016a30b60c8c1151e81f27aa04be581397263ba29ddf6c3f37fd5c9796110,2.841806252621702e-06,3.6581299360798105e-09,0.0012872552211133361,1.2106754599867647e-06,4.4844666263088584e-05,4.484468081500381e-05,1.4551915228366852e-11,3.24496009023585e-07,False,0.0,0.0,False,0,0
pickcube-170m,0,0,bb81d57f9e16bf591c45d8bcd003c3e11e9939bd03bafcef3d8607afc936b241,vision,L2,256,512,611ea0c3ca1da94cabd75f3af0f987c62aa99741d9c036b41a661c8e76a621e2,0.000920909528680464,0.004810518610949276,5.223660371765383,0.0004259273640914849,0.21429070830345154,0.21412776410579681,0.00016294419765472412,0.0007603885345508451,False,0.0,0.0,False,0,4
pickcube-170m,0,0,bb81d57f9e16bf591c45d8bcd003c3e11e9939bd03bafcef3d8607afc936b241,language,Q,256,512,1daf1985aa5a6e3c26164e35d7c213d416617e7e99362434e900db2fc2c31252,1.6395603033037854e-05,2.176879032874452e-09,0.0001327721236289965,1.5680854378775917e-05,1.94695148820756e-05,1.946959673659876e-05,8.185452315956354e-11,4.204240509090549e-06,False,0.0,0.0,False,0,0
pickcube-170m,0,0,bb81d57f9e16bf591c45d8bcd003c3e11e9939bd03bafcef3d8607afc936b241,language,L2,256,512,93569acccaa20a018767af059d0daa87c0ff6dfffd9ac2bd4f815182c7f288af,0.0012172614755292176,0.0011241878067325128,0.9235384749556458,0.0014158565807474745,0.14119668304920197,0.14105957746505737,0.00013710558414459229,0.0009710255310800461,False,0.0,0.0,False,0,0
pickcube-170m,0,0,bb81d57f9e16bf591c45d8bcd003c3e11e9939bd03bafcef3d8607afc936b241,state,Q,512,1024,89e7b6574b5b1f2eae90978a8465a0eb696ae06eadfde2ccd1f40dfcb0adefb6,2.0000388099350104e-06,2.878077793866396e-07,0.14390109729720277,1.2443002442346338e-06,0.05593027174472809,0.05593009293079376,1.7881393432617188e-07,3.1970868144946326e-06,False,0.0,0.0,False,0,0
pickcube-170m,0,0,bb81d57f9e16bf591c45d8bcd003c3e11e9939bd03bafcef3d8607afc936b241,state,L2,512,1024,8d0af60301142a4adc540607e48aaaa876a200865544005527e2e3b6908aaeeb,3.445932338568762e-05,0.00046664848923683167,13.542009633034466,7.638067939404765e-06,7.567865371704102,7.567420959472656,0.0004444122314453125,5.872359108117188e-05,False,0.0,0.0,False,0,0
pickcube-170m,0,12,ad79534e454a06c4b8eb0413c66cea902ad6134d9f8c58eec8a44bff789def45,vision,Q,256,512,76d642e3b3ec26d3bedd7d440de9216916b83bf3f971ab450bd169ed6aab7dfe,7.496429433864932e-06,1.8573391873309213e-06,0.24776317895296102,3.857103240254439e-06,0.014814995229244232,0.014814985916018486,9.313225746154785e-09,6.286350823637685e-07,False,0.0,0.0,False,0,0
pickcube-170m,0,12,ad79534e454a06c4b8eb0413c66cea902ad6134d9f8c58eec8a44bff789def45,vision,L2,256,512,fea9ca1c300ee23ea17ef238d289809b5e078bb4153410586056f22eafdc94f7,0.003220103687242687,0.2187738673377371,67.94000708873725,0.002336755057178646,3.8949387073516846,3.8913211822509766,0.003617525100708008,0.0009287758736433876,False,0.0006956271827220917,0.004041204176738423,False,0,4
pickcube-170m,0,12,ad79534e454a06c4b8eb0413c66cea902ad6134d9f8c58eec8a44bff789def45,language,Q,256,512,c63d135f7e7f9ff7dae7ce56966bc4d142bec781a7cf4da06a15856f5ee51c4a,1.885342029656725e-05,1.007583388035958e-06,0.05344300249962679,1.7982847497332e-05,0.008024124428629875,0.00802418403327465,5.960464477539063e-08,7.428180520571534e-06,False,0.0,0.0,False,0,0
pickcube-170m,0,12,ad79534e454a06c4b8eb0413c66cea902ad6134d9f8c58eec8a44bff789def45,language,L2,256,512,34c1254267f585464746f9f6c8f1ddff0141ccaa3264a733b0fb37969aff9994,0.0016573131585494157,0.03201419085015522,19.31692310834969,0.0018914277191937512,2.866478204727173,2.862767219543457,0.0037109851837158203,0.00129461482651288,False,0.0,0.0,False,0,20
pickcube-170m,0,12,ad79534e454a06c4b8eb0413c66cea902ad6134d9f8c58eec8a44bff789def45,state,Q,512,1024,bd27cd21cbc7767f0d9819cbed1eec17bf594f5393a09f8596b5f7d20e6aed47,8.40271792712166e-07,5.373731255531311e-07,0.6395229855552316,9.110852489960492e-07,0.6395233273506165,0.6395230293273926,2.980232238769531e-07,4.6600837081516327e-07,False,0.0,0.0,False,0,0
pickcube-170m,0,12,ad79534e454a06c4b8eb0413c66cea902ad6134d9f8c58eec8a44bff789def45,state,L2,512,1024,8f76ac33661d0770f82ad602d848c60606b6534aeab55192771aacc094add8e5,0.0004383711904216115,0.011213839054107666,25.58069348335266,0.0005565662294244009,25.590463638305664,25.58069610595703,0.009767532348632812,0.0003816864159511382,False,0.0,0.0,False,0,0
pickcube-170m,1,0,c767cdf28e4c60ee0676f27273fcf78fdd47f941a5861a006cd8ffbddf2004fa,vision,Q,256,512,896b46271dda0c3816e944fc357eee8f39f5c88ef93aa56dfe4dd07641d4d49c,5.347885391164032e-06,7.025743982108941e-09,0.0013137424361631097,1.9781565431920965e-06,4.9369173211744055e-05,4.9369285989087075e-05,1.127773430198431e-10,2.2843676667652874e-06,False,0.0,0.0,False,0,0
pickcube-170m,1,0,c767cdf28e4c60ee0676f27273fcf78fdd47f941a5861a006cd8ffbddf2004fa,vision,L2,256,512,24e4e38b8bbfd113834dad9ff68e6672af18b6c505faba7545f166ed9acb33a2,0.0017186987862271436,0.009216377234087367,5.362415629744518,0.0007410167036870691,0.22484123706817627,0.22453582286834717,0.00030541419982910156,0.0013583549166138683,False,0.0007314253598451614,0.0736083492065069,True,3,6
pickcube-170m,1,0,c767cdf28e4c60ee0676f27273fcf78fdd47f941a5861a006cd8ffbddf2004fa,language,Q,256,512,beb1c764d1ada056b69270512d9b7be7fdcf8ddd6345f1030577971aec17555b,5.68129849003747e-05,2.0202431087425936e-08,0.0003555953119318097,5.367589474866548e-05,5.72972021473106e-05,5.7298158935736865e-05,9.567884262651205e-10,1.6698693660560003e-05,False,0.0,0.0,False,0,0
pickcube-170m,1,0,c767cdf28e4c60ee0676f27273fcf78fdd47f941a5861a006cd8ffbddf2004fa,language,L2,256,512,65ae275e16842f6e11375be6179b08b6806eb5e25eceeceee37f9f12de7ab4af,0.0011011624082714552,0.0014306254437467247,1.2991956799473774,0.001289700242262099,0.24222272634506226,0.24205297231674194,0.0001697540283203125,0.0007008179244027115,False,0.0,0.0,False,0,0
pickcube-170m,1,0,c767cdf28e4c60ee0676f27273fcf78fdd47f941a5861a006cd8ffbddf2004fa,state,Q,512,1024,106d32d998af94f4986b98f01404f119cd5a69807e76e587258b27ee3480c3e6,1.6072258126110192e-06,1.1213705874979496e-07,0.06977056855976116,1.374107158827035e-06,0.05665481090545654,0.05665478855371475,2.2351741790771484e-08,3.9452504444982166e-07,False,0.0,0.0,False,0,0
pickcube-170m,1,0,c767cdf28e4c60ee0676f27273fcf78fdd47f941a5861a006cd8ffbddf2004fa,state,L2,512,1024,6dd41d3c118d0bf1cd222e28479c238c78263822c2d6f9b935254656f7d2339d,4.681317756539066e-05,0.00043720565736293793,9.339371521025896,3.80397664277305e-05,7.616725921630859,7.616317272186279,0.0004086494445800781,5.365158846264222e-05,False,0.0,0.0,False,0,0
pickcube-170m,1,12,6cb91c96a0b4df174363f48f068a1be6a4882d966f75dd3829119ba5604eb5ad,vision,Q,256,512,b93ea830782f395f6e6c2890c05d8a72896abc977757ea8ca33fa67bddff7ebb,4.571324766987232e-06,6.6767983265155324e-06,1.4605827997024874,2.98738159146498e-06,0.03036937117576599,0.03036937676370144,5.587935447692871e-09,1.839990500742375e-07,False,0.0,0.0,False,0,0
pickcube-170m,1,12,6cb91c96a0b4df174363f48f068a1be6a4882d966f75dd3829119ba5604eb5ad,vision,L2,256,512,4d12154ba6e8fb1ad95e6d8bc027cab8dcf7334a3f57a2bfe3a999b927a74f84,0.0005307140107673661,0.12645939950358656,238.28162991351465,0.00039298885581139835,5.576578140258789,5.573085784912109,0.0034923553466796875,0.0006262541757403976,False,0.0,0.0,False,0,6
pickcube-170m,1,12,6cb91c96a0b4df174363f48f068a1be6a4882d966f75dd3829119ba5604eb5ad,language,Q,256,512,2aaca0970bb3b9ca1ba4e532d5da268c1d282e3e7208f1aec35f00ebf12717f9,2.7786848351937996e-05,2.562205989461389e-07,0.009220930553222269,2.809415817863384e-05,0.0016163850668817759,0.0016163635300472379,2.153683453798294e-08,1.3324074182107109e-05,False,0.0,0.0,False,0,0
pickcube-170m,1,12,6cb91c96a0b4df174363f48f068a1be6a4882d966f75dd3829119ba5604eb5ad,language,L2,256,512,4504430e0b1384f91b7c5e5246a1ed40273469e5942295db1019d6c91974fae7,0.0037749662075391914,0.03726781220666364,9.87235650804875,0.0040962320225676405,1.2865363359451294,1.284679651260376,0.001856684684753418,0.00144316536803404,False,0.0,0.0,False,0,2
pickcube-170m,1,12,6cb91c96a0b4df174363f48f068a1be6a4882d966f75dd3829119ba5604eb5ad,state,Q,512,1024,9b1f4bd1a43936a1f01f9382d6b003b967a9750907f32213075c075679985099,0.002678933074851064,0.0020965890726074576,0.7826209218474105,0.004112156031205875,0.7765350341796875,0.7764003276824951,0.0001347064971923828,0.00017347124245937397,False,0.0,0.0,False,0,0
pickcube-170m,1,12,6cb91c96a0b4df174363f48f068a1be6a4882d966f75dd3829119ba5604eb5ad,state,L2,512,1024,948ebbe442d561266bab35e7680a6b3315a6075c4100397f6a71291a76f38322,0.0017756448932251367,0.0519011914730072,29.229488210752606,0.0026308155435406898,28.198789596557617,28.187864303588867,0.01092529296875,0.00038743836615184754,False,0.0,0.0,False,0,0
stackcube-170m,0,0,6921323754e8eb566bf1f790b8bbee7997f201d9c194b0d7e081f7b76c80d1c6,vision,Q,256,512,aa3e5e67d5b5f10a9d0552997481ab690a029bdce030f43bd0daf21b26f92443,5.798344782615938e-06,1.0486498694738262e-08,0.0018085331396949548,2.2250448579713755e-06,6.025590482749976e-05,6.025586117175408e-05,4.3655745685100555e-11,7.245056863734427e-07,False,0.0,0.0,False,0,0
stackcube-170m,0,0,6921323754e8eb566bf1f790b8bbee7997f201d9c194b0d7e081f7b76c80d1c6,vision,L2,256,512,55e9a5116f1414c77978772f57d37176685e5bf0f35d57f92d1f1a62fb90a615,0.002969920497416634,0.019135914101702924,6.443241197314263,0.0013180145389835242,0.24839796125888824,0.24816271662712097,0.00023524463176727295,0.0009470473532674994,False,0.0,0.0,False,0,0
stackcube-170m,0,0,6921323754e8eb566bf1f790b8bbee7997f201d9c194b0d7e081f7b76c80d1c6,language,Q,256,512,edab76aee8d58df0f552e36f91c2ddb827f64b91004e749cef32fd4952626ba4,4.3515817016603e-06,1.8634285898935614e-08,0.00428218684066667,4.7046240410971065e-06,0.0004655513330362737,0.0004655511293094605,2.0372681319713593e-10,4.3760332908608047e-07,False,0.0,0.0,False,0,0
stackcube-170m,0,0,6921323754e8eb566bf1f790b8bbee7997f201d9c194b0d7e081f7b76c80d1c6,language,L2,256,512,9c43cde116836d19413e5822b973ffba8a446929d7d1f7b8ed9c7a3b8fa01cd0,0.0004928915047456502,0.002841205314793871,5.764362516777471,0.0005867134690439119,0.690451443195343,0.6900124549865723,0.00043898820877075195,0.0006357988140906139,False,0.0,0.0,False,0,0
stackcube-170m,0,0,6921323754e8eb566bf1f790b8bbee7997f201d9c194b0d7e081f7b76c80d1c6,state,Q,512,1024,c7ed7d959cccaf9b9db8537fbda234ab3c23f88290b6701601b45b7ccd977c24,0.00022225226842769079,0.00014450517483055592,0.6501853765221313,5.5457406685837256e-05,0.13510437309741974,0.1350959837436676,8.38935375213623e-06,6.209535309480262e-05,False,0.0,0.0,False,0,1
stackcube-170m,0,0,6921323754e8eb566bf1f790b8bbee7997f201d9c194b0d7e081f7b76c80d1c6,state,L2,512,1024,c6d286c283255a1e061e26430f1a6fdf3f057e4a2a5df12a20e036399f96fde1,0.00012261392909536302,0.003847189247608185,31.37644536793232,4.5913941262478305e-05,11.762093544006348,11.761199951171875,0.0008935928344726562,7.597226047636797e-05,False,0.0,0.0,False,0,0
stackcube-170m,0,12,5de0bac5da3bc54944e1a679d6a9b697b64afac147176398ab36425b0f05f92d,vision,Q,256,512,f5c67e992bf1816955328decf9c2e1887ba15b8367d25debaf9558c0ee51dc7a,6.254536361964447e-06,1.0135927863151616e-05,1.6205722177571749,5.0386201831798085e-06,0.011512611992657185,0.01151252444833517,8.754432201385498e-08,7.604210240881156e-06,False,0.0,0.0,False,0,0
stackcube-170m,0,12,5de0bac5da3bc54944e1a679d6a9b697b64afac147176398ab36425b0f05f92d,vision,L2,256,512,c92a4f9e3032c5a9699000f84aa9db3b84542687a8d31941bf0df79d73d48c5c,0.0013826804244427156,0.6072966246322138,439.21691078904405,0.0011821986644373823,3.433497905731201,3.4256136417388916,0.00788426399230957,0.0022962775014800916,False,0.004533611238002777,0.029877369872677806,True,1,2
stackcube-170m,0,12,5de0bac5da3bc54944e1a679d6a9b697b64afac147176398ab36425b0f05f92d,language,Q,256,512,6e9e2f8cf139d2449c575c56225e5239d899219dbca6f5034aa91a3c3ad3f91e,1.049400527967662e-05,1.3910618961616994e-06,0.1325577659900478,1.202178042119423e-05,0.005488242022693157,0.005488201975822449,4.0046870708465576e-08,7.296848525060857e-06,False,0.0,0.0,False,0,0
stackcube-170m,0,12,5de0bac5da3bc54944e1a679d6a9b697b64afac147176398ab36425b0f05f92d,language,L2,256,512,7d9ffd269e159600d0460a55e58dc7383f2ea1cee08846da3c2664cc62ea4bcd,0.0027062932553816566,0.13053892274587264,48.23532057595263,0.00309836655718584,2.3706445693969727,2.3665080070495605,0.004136562347412109,0.0017449103930684718,False,0.0,0.0,False,0,0
stackcube-170m,0,12,5de0bac5da3bc54944e1a679d6a9b697b64afac147176398ab36425b0f05f92d,state,Q,512,1024,9e4f214c67eba298937d81ae152013d2c8d7a06a6a728c915bcec01383e42a98,3.881240313578981e-06,2.894783392548561e-06,0.7458397725131363,3.8899251260540785e-06,0.6409781575202942,0.6409788131713867,6.556510925292969e-07,1.0228914742832529e-06,False,0.0,0.0,False,0,0
stackcube-170m,0,12,5de0bac5da3bc54944e1a679d6a9b697b64afac147176398ab36425b0f05f92d,state,L2,512,1024,115433d00e04ff842226f5442acabca3d19b85a0e477e19f129233c8c6ad661c,0.0005134292736855971,0.013564132153987885,26.418696496635675,0.0007473602391796116,25.61955451965332,25.615997314453125,0.0035572052001953125,0.00013884726986437265,False,0.0,0.0,False,0,0
stackcube-170m,1,0,1b21022dbd36a895e9684dfddbdc62191456ecb667eb7fead5c15fb8bc5af65d,vision,Q,256,512,a9de47d21de105b795a48eb8cf7d3a9eacb41373a37d556baef3aa4d068c6bf8,3.733216906328373e-05,4.666474654526263e-05,1.2499875500445408,3.8195868718700636e-05,0.05244731158018112,0.05244706571102142,2.4586915969848633e-07,4.6879268410660685e-06,False,0.0,0.0,False,0,0
stackcube-170m,1,0,1b21022dbd36a895e9684dfddbdc62191456ecb667eb7fead5c15fb8bc5af65d,vision,L2,256,512,85730f6a6d25f49674982c282bfc392edd03ba6dfcefa8d18de14c890ab06541,0.005680827514473189,1.1169436930663963,196.61637150938492,0.005944930452241063,7.328440189361572,7.307299613952637,0.021140575408935547,0.002884730565124151,False,0.00032435357570648193,0.0010014795598698163,False,0,21
stackcube-170m,1,0,1b21022dbd36a895e9684dfddbdc62191456ecb667eb7fead5c15fb8bc5af65d,language,Q,256,512,f818c28049adb5d2fb501c6a945a2c3a748929a85b94e46c5e1b542f00a2e520,1.977489490123739e-05,4.5969218570446335e-06,0.23246251775310253,2.2086511542600103e-05,0.02260417863726616,0.02260410785675049,7.078051567077637e-08,3.1313022608167127e-06,False,0.0,0.0,False,0,0
stackcube-170m,1,0,1b21022dbd36a895e9684dfddbdc62191456ecb667eb7fead5c15fb8bc5af65d,language,L2,256,512,38de3e27d0c4bdd9165184302405f6d465528a315c2924ccc5d4de087900baa8,0.004019784297220674,0.16316054617234865,40.58937846121738,0.004249991205999496,4.811098575592041,4.80080509185791,0.01029348373413086,0.002139528752612218,False,0.0,0.0,False,0,2
stackcube-170m,1,0,1b21022dbd36a895e9684dfddbdc62191456ecb667eb7fead5c15fb8bc5af65d,state,Q,512,1024,5c52693aacead9555a08d0057b52a771abf84d0e26b1ed19ca3093c98b98328d,6.362908590732281e-05,2.8469949029386044e-05,0.44743608403950924,1.771170284281224e-05,0.08488170802593231,0.08488890528678894,7.197260856628418e-06,8.479165916912951e-05,False,0.0,0.0,False,0,0
stackcube-170m,1,0,1b21022dbd36a895e9684dfddbdc62191456ecb667eb7fead5c15fb8bc5af65d,state,L2,512,1024,5cddb3cfd2954b256cfd85a350d22aa941756336dd99879d0e3080d9eceb6bab,0.0008169883273834969,0.013784167356789112,16.871926923282444,0.0005539068871453552,9.323027610778809,9.310846328735352,0.012181282043457031,0.001306580067334956,False,0.0,0.0,False,0,0
stackcube-170m,1,12,5e24aac873631def1a65f99e70e9b6ff6c748740e693d135286787fc88830449,vision,Q,256,512,55de6d2b909b9b975e3e455beafcf316431a73c3859bd533384748b087c89fb5,4.259937076885908e-06,3.5037902052478073e-07,0.08224981125329536,2.6229947028319936e-06,0.0039820596575737,0.003982060588896275,9.313225746154785e-10,2.338796137431403e-07,False,0.0,0.0,False,0,0
stackcube-170m,1,12,5e24aac873631def1a65f99e70e9b6ff6c748740e693d135286787fc88830449,vision,L2,256,512,1f88d505afc8ac5a6cdc05b355e32541190e22b310f4d2d601270c297f0c9ab5,0.0013022091819731112,0.06527503591655093,50.12638278102601,0.0009821534702461408,2.019313097000122,2.017894744873047,0.0014183521270751953,0.0007023933679142128,False,0.0,0.0,False,0,0
stackcube-170m,1,12,5e24aac873631def1a65f99e70e9b6ff6c748740e693d135286787fc88830449,language,Q,256,512,fe2faa214e327465a4edeca36265e4fb8b93ec1974d53de9d466b815113a1e81,9.874811512513938e-06,7.377107759937157e-08,0.007470631465307925,1.0937180104626717e-05,0.0003487198264338076,0.000348716857843101,2.9685907065868378e-09,8.51282457021503e-06,False,0.0,0.0,False,0,0
stackcube-170m,1,12,5e24aac873631def1a65f99e70e9b6ff6c748740e693d135286787fc88830449,language,L2,256,512,5ffc26d00e50c6b9df087e953400e9a2a9fe4dcbfcd0e50a7b9f7eeafe20eeca,0.0016125414717631213,0.0184448246461813,11.438356761152995,0.0018483489041620236,0.5975683331489563,0.5965604782104492,0.00100785493850708,0.001686593620508755,False,0.0,0.0,False,0,0
stackcube-170m,1,12,5e24aac873631def1a65f99e70e9b6ff6c748740e693d135286787fc88830449,state,Q,512,1024,64005fee939984cd4024cf7a4700d829436efb60a0364aeb811d5102ad642781,6.016739009096123e-07,2.8690033104794566e-07,0.476836922150369,7.626309549394024e-07,0.4257165193557739,0.42571619153022766,3.2782554626464844e-07,7.700559676677301e-07,False,0.0,0.0,False,0,0
stackcube-170m,1,12,5e24aac873631def1a65f99e70e9b6ff6c748740e693d135286787fc88830449,state,L2,512,1024,15a0c836e636331352cc1c1206cd39c52a110e673707dcf18f9bb4ac6bd01aca,0.0002699212107398723,0.0061661116778850555,22.84411684796214,0.000306518658241504,20.879024505615234,20.873199462890625,0.005825042724609375,0.00027899017614749097,False,0.0,0.0,False,0,0
peginsertionside-170m,1,0,75414ff0a13f7278db93091c06b796c7f6f2ddc846668110cf4729c49ab11f8a,vision,Q,256,512,5e0f45882aefc9683b459926e5a40546eea2b44e58ad872b9ae79c5983268c88,5.009212965833449e-06,2.4465023550639977e-09,0.000488400547501366,2.286745393533264e-06,2.4475166355841793e-05,2.4475179088767618e-05,1.2732925824820995e-11,5.202385814134362e-07,False,0.0,0.0,False,0,0
peginsertionside-170m,1,0,75414ff0a13f7278db93091c06b796c7f6f2ddc846668110cf4729c49ab11f8a,vision,L2,256,512,6c58c296f916c74eef84fc695a54637c083acb3aaa7b70804dd6552c696c0281,0.0019434573233353865,0.006165066354357155,3.172215968075177,0.001244461642418691,0.15831062197685242,0.15818536281585693,0.0001252591609954834,0.0007912239837816967,False,0.0,0.0,False,0,12
peginsertionside-170m,1,0,75414ff0a13f7278db93091c06b796c7f6f2ddc846668110cf4729c49ab11f8a,language,Q,256,512,0cfa3c9f44a430c51df8231f9c1981d00f8317c026de2b2d7efc5fe758f429de,3.145286078275272e-05,6.600049060832272e-08,0.0020983938810588037,3.251256373057292e-05,0.00022882439952809364,0.00022882036864757538,4.030880518257618e-09,1.7615606231549322e-05,False,0.0,0.0,False,0,0
peginsertionside-170m,1,0,75414ff0a13f7278db93091c06b796c7f6f2ddc846668110cf4729c49ab11f8a,language,L2,256,512,84f9b8ff70fcc41d3206ab447fab9a8f5ac5c57a9a8681ce6e836ed7a29dd61a,0.0005142854416372617,0.001744994740948816,3.3930471284458488,0.0006165874704253905,0.4840611517429352,0.4838460087776184,0.00021514296531677246,0.0004444541036646254,False,0.0,0.0,False,0,0
peginsertionside-170m,1,0,75414ff0a13f7278db93091c06b796c7f6f2ddc846668110cf4729c49ab11f8a,state,Q,512,1024,43a6cd57cb624046d2427f61c664c9dd78eb0cf5471ca9ded9e7e531570c7abd,0.0003475053848924695,4.228163743391633e-05,0.12167189134925138,0.000352237327148238,0.06029043719172478,0.06028981879353523,6.183981895446777e-07,1.0256986320702226e-05,False,0.0,0.0,False,0,0
peginsertionside-170m,1,0,75414ff0a13f7278db93091c06b796c7f6f2ddc846668110cf4729c49ab11f8a,state,L2,512,1024,d1c1ca0e739ccde51dfbd4edd7eeba23ff9906a451720f0457b687aced69b3fe,0.0005385630794375211,0.008430166635662317,15.653071956709027,0.0005006218922161999,7.857314586639404,7.857090950012207,0.00022363662719726562,2.8462221377458638e-05,False,0.0,0.0,False,0,0
peginsertionside-170m,1,12,e4ffaba57f120e0fd54f55d63ecac50153fa5f393953c722802d7e58a304f749,vision,Q,256,512,67627a6971a7c069c8e711d454197673d9200e1ae9fa83661db4d8acc3326ed5,8.935389090737768e-06,6.446102446483603e-09,0.0007214126190839853,5.0979949957460665e-06,3.870717773679644e-05,3.870707223541103e-05,1.0550138540565968e-10,2.725628464132797e-06,False,0.0,0.0,False,0,0
peginsertionside-170m,1,12,e4ffaba57f120e0fd54f55d63ecac50153fa5f393953c722802d7e58a304f749,vision,L2,256,512,31ea7b2e270112b5a61327ab75d9768b792113a6019dec9f16a22161eb49f9c0,0.0023287621772135536,0.008397524699142601,3.606003559019727,0.0017930583843863038,0.19908729195594788,0.19872429966926575,0.0003629922866821289,0.0018232820543987727,False,0.0001280331052839756,0.01455162673435963,True,1,22
peginsertionside-170m,1,12,e4ffaba57f120e0fd54f55d63ecac50153fa5f393953c722802d7e58a304f749,language,Q,256,512,53d7ba26f287d6a7f0f9b48366961803fd8fd1d01dbbee91374b8e3f06711897,9.234523462076336e-06,1.9615128304678196e-09,0.00021241083403201222,1.0289672685293144e-05,1.3492824109562207e-05,1.3492792277247645e-05,3.183231456205249e-11,2.359203255269095e-06,False,0.0,0.0,False,0,0
peginsertionside-170m,1,12,e4ffaba57f120e0fd54f55d63ecac50153fa5f393953c722802d7e58a304f749,language,L2,256,512,d02a4fdcc308d41e590ffc62f1e8243e0b595414da921921cfc694260d905f08,0.001129584474845584,0.0017045190567261947,1.5089788277757672,0.0013361701506503286,0.11754325777292252,0.11731496453285217,0.00022829324007034302,0.0019422061664427772,False,0.0,0.0,False,0,0
peginsertionside-170m,1,12,e4ffaba57f120e0fd54f55d63ecac50153fa5f393953c722802d7e58a304f749,state,Q,512,1024,85d0cd8c7b0cddaf95415c5b38d622fcd4754b565303e6709ea6b47152356195,3.565385886319822e-07,7.504691312831824e-12,2.104874914557464e-05,7.229771110228431e-07,2.0629162463592365e-05,2.0629171558539383e-05,9.094947017729282e-12,4.4087815168359903e-07,False,0.0,0.0,False,0,0
peginsertionside-170m,1,12,e4ffaba57f120e0fd54f55d63ecac50153fa5f393953c722802d7e58a304f749,state,L2,512,1024,345cd60d8e6f2ddc37fbeed4321f6538936ce517de853bf0a199a781bc357790,0.000385991947232402,5.7405813322475296e-05,0.14872282630267364,0.0005070797788024131,0.14534088969230652,0.1452864110469818,5.447864532470703e-05,0.00037483357532791273,False,0.0,0.0,False,0,0
picksingleycb-170m,1,0,52f0eb9bb6495c5553e26b22f8073f9e80ce870b7043d4756e553a25a7d61a8e,vision,Q,256,512,35647961d2d9dd7d70fe8236e33299ea7c7885261091edc6c510c9d003f56b40,0.020494816185393415,0.24815467570482277,12.108167912317349,0.02024387638897467,0.4645954966545105,0.4651700556278229,0.0005745589733123779,0.0012366864884608216,False,0.0,0.0,True,2,8
picksingleycb-170m,1,0,52f0eb9bb6495c5553e26b22f8073f9e80ce870b7043d4756e553a25a7d61a8e,vision,L2,256,512,09e951b9de48f3ee12467ee3cb2c41c280da1535ca51c80fd2727d4a8e3ef286,0.012336702647851708,6.91395941212933,560.4381988839874,0.011923415275192271,21.811595916748047,21.82140350341797,0.009807586669921875,0.0004496501176418326,False,0.00294586643576622,0.0030560507946848945,True,2,8
picksingleycb-170m,1,0,52f0eb9bb6495c5553e26b22f8073f9e80ce870b7043d4756e553a25a7d61a8e,language,Q,256,512,b9febefbe10d137b933327d0cf1adc3e61f11552555d01f6610cb14bb2754aa9,1.4470623782958237e-05,3.0091939399665146e-07,0.02079519159022282,1.6149030860384026e-05,0.0010997774079442024,0.0010997714707627892,5.9371814131736755e-09,5.398530075528611e-06,False,0.0,0.0,False,0,0
picksingleycb-170m,1,0,52f0eb9bb6495c5553e26b22f8073f9e80ce870b7043d4756e553a25a7d61a8e,language,L2,256,512,3518e5abfa0fb915a56ddf6204a60aa4cd3054ee84f2fd090547feb697b5d737,0.002383330649199651,0.03416170843507205,14.333600101414351,0.002776011285472881,1.0612115859985352,1.0578669309616089,0.0033446550369262695,0.0031517324924220025,False,0.0,0.0,False,0,1
picksingleycb-170m,1,0,52f0eb9bb6495c5553e26b22f8073f9e80ce870b7043d4756e553a25a7d61a8e,state,Q,512,1024,16ffc1c8cdf79d9056920305aee0757b4cf63ba5351f4e59144590ab7dd83e3a,0.14831003754546157,0.23206823284272105,1.5647506850073112,0.15258526499887773,0.4735737442970276,0.4295312762260437,0.04404246807098389,0.09300023196252251,True,0.0159718981012702,0.016411478847568255,True,5,60
picksingleycb-170m,1,0,52f0eb9bb6495c5553e26b22f8073f9e80ce870b7043d4756e553a25a7d61a8e,state,L2,512,1024,31e395014a6ad840d5d0ed2c7d80f72c7bed7a32ee6bc2b7b5bb0d8c11467bdf,0.15942654459033243,7.200834698975086,45.167100105434656,0.17815702306810696,22.021339416503906,21.464672088623047,0.5566673278808594,0.025278540844053506,True,0.18075835704803467,0.1857332130724709,True,17,47
picksingleycb-170m,1,12,cfc3c69614dd1fbe029638dd57aa73420012fa8873d366fa091571468a054c9f,vision,Q,256,512,593e60e206b28045c6851dd89d2b5df5c3b6096d8bc3410136ec7fe28672227e,3.499733202378099e-06,5.624918477299583e-07,0.1607242081618508,2.740800954865778e-06,0.005768372677266598,0.0057683647610247135,7.916241884231567e-09,1.3723527114379786e-06,False,0.0,0.0,False,0,0
picksingleycb-170m,1,12,cfc3c69614dd1fbe029638dd57aa73420012fa8873d366fa091571468a054c9f,vision,L2,256,512,5509c00e1abbcf88370deb6eaacb4dc53d46768978d998ea333fbe5faad25c79,0.0014974299778489786,0.10377889886808755,69.30467561305497,0.0013331499816546253,2.4303927421569824,2.4282193183898926,0.0021734237670898438,0.0008942685391501467,False,7.650256156921387e-05,0.0007122530837478663,False,0,0
picksingleycb-170m,1,12,cfc3c69614dd1fbe029638dd57aa73420012fa8873d366fa091571468a054c9f,language,Q,256,512,29d32fb4388b6adece1c7ec6b96e0ebd32e0c0f95e71a5fa2b545bcddd858669,1.6219801906160922e-05,5.216965774015175e-07,0.03216417687588136,1.6644662589519925e-05,0.001474729273468256,0.0014747424283996224,1.3154931366443634e-08,8.920234786894802e-06,False,0.0,0.0,False,0,0
picksingleycb-170m,1,12,cfc3c69614dd1fbe029638dd57aa73420012fa8873d366fa091571468a054c9f,language,L2,256,512,2770011c76f65815cbc364a16256d11cc2ad420b04940faf65ae28792badc46e,0.0018764799029506154,0.04058455129261063,21.628023422363675,0.00199434548319875,1.2288695573806763,1.2260265350341797,0.002843022346496582,0.002313526549194088,False,0.0,0.0,False,0,0
picksingleycb-170m,1,12,cfc3c69614dd1fbe029638dd57aa73420012fa8873d366fa091571468a054c9f,state,Q,512,1024,a64cb9eaa81694f7c73710f2c40d89abf65fc14c74ef1a7de893a7169b509f06,0.3211917950690492,0.25489155943796504,0.7935805439337855,0.3440436916346643,0.6821948885917664,0.7602089047431946,0.07801401615142822,0.1143573741991385,True,0.0,0.0,True,2,24
picksingleycb-170m,1,12,cfc3c69614dd1fbe029638dd57aa73420012fa8873d366fa091571468a054c9f,state,L2,512,1024,62ad8a914fe1f873f50774ac387eb495cd270a3913a4ff919b0860834c003dc0,0.20778280408541064,6.191331608220935,29.797131843864918,0.21984925162041158,26.43042755126953,28.189369201660156,1.758941650390625,0.0665498750248608,True,0.08102083206176758,0.06936293953077867,True,17,52
