stratum,episode,call,context_id,source_status,snapshot_status,planned_cells,complete_cells,stop_time_status
peginsertionside-170m,0,0,dab25ec824a99ca31733b46ea4faa633d4ef077022974e7615a3918f7a716120,available,unsealed_at_audit_start,6,0,not_assessed_by_this_snapshot
peginsertionside-170m,0,12,c550db222b5583a0a7656cbc919226055c49caeac696e2bf6400e7f4acfa233b,available,unsealed_at_audit_start,6,0,not_assessed_by_this_snapshot
peginsertionside-170m,1,0,75414ff0a13f7278db93091c06b796c7f6f2ddc846668110cf4729c49ab11f8a,available,complete_diagnostics,6,6,not_assessed_by_this_snapshot
peginsertionside-170m,1,12,e4ffaba57f120e0fd54f55d63ecac50153fa5f393953c722802d7e58a304f749,available,complete_diagnostics,6,6,not_assessed_by_this_snapshot
pickcube-170m,0,0,bb81d57f9e16bf591c45d8bcd003c3e11e9939bd03bafcef3d8607afc936b241,available,complete_diagnostics,6,6,not_assessed_by_this_snapshot
pickcube-170m,0,12,ad79534e454a06c4b8eb0413c66cea902ad6134d9f8c58eec8a44bff789def45,available,complete_diagnostics,6,6,not_assessed_by_this_snapshot
pickcube-170m,1,0,c767cdf28e4c60ee0676f27273fcf78fdd47f941a5861a006cd8ffbddf2004fa,available,complete_diagnostics,6,6,not_assessed_by_this_snapshot
pickcube-170m,1,12,6cb91c96a0b4df174363f48f068a1be6a4882d966f75dd3829119ba5604eb5ad,available,complete_diagnostics,6,6,not_assessed_by_this_snapshot
pickcube-1b,0,0,3bc71be336619259062c7be98ac8eccd499f645f642758c294d4914fcd8a289b,available,unsealed_at_audit_start,6,0,not_assessed_by_this_snapshot
pickcube-1b,0,12,,call_not_reached,call_not_reached,6,0,not_assessed_by_this_snapshot
pickcube-1b,1,0,0a29f60647948742db6645e05dd7f02de2297835d75b75eb5eb14a862b57c82e,available,unsealed_at_audit_start,6,0,not_assessed_by_this_snapshot
pickcube-1b,1,12,,call_not_reached,call_not_reached,6,0,not_assessed_by_this_snapshot
picksingleycb-170m,0,0,eb41242460da9cabb9bd74aed674b6094f2cbb6e7d7b18432ca68358b132341f,available,unsealed_at_audit_start,6,0,not_assessed_by_this_snapshot
picksingleycb-170m,0,12,90c6c845943cfdcf4a2396281936c0e434914f75cc784132a18c879101d61e3a,available,unsealed_at_audit_start,6,0,not_assessed_by_this_snapshot
picksingleycb-170m,1,0,52f0eb9bb6495c5553e26b22f8073f9e80ce870b7043d4756e553a25a7d61a8e,available,complete_diagnostics,6,6,not_assessed_by_this_snapshot
picksingleycb-170m,1,12,cfc3c69614dd1fbe029638dd57aa73420012fa8873d366fa091571468a054c9f,available,complete_diagnostics,6,6,not_assessed_by_this_snapshot
stackcube-170m,0,0,6921323754e8eb566bf1f790b8bbee7997f201d9c194b0d7e081f7b76c80d1c6,available,complete_diagnostics,6,6,not_assessed_by_this_snapshot
stackcube-170m,0,12,5de0bac5da3bc54944e1a679d6a9b697b64afac147176398ab36425b0f05f92d,available,complete_diagnostics,6,6,not_assessed_by_this_snapshot
stackcube-170m,1,0,1b21022dbd36a895e9684dfddbdc62191456ecb667eb7fead5c15fb8bc5af65d,available,complete_diagnostics,6,6,not_assessed_by_this_snapshot
stackcube-170m,1,12,5e24aac873631def1a65f99e70e9b6ff6c748740e693d135286787fc88830449,available,complete_diagnostics,6,6,not_assessed_by_this_snapshot
stackcube-1b,0,0,b793ca522c4b47e1f1aeee439dd65cfac21302c9da834ea911a618fd207ab229,available,unsealed_at_audit_start,6,0,not_assessed_by_this_snapshot
stackcube-1b,0,12,,call_not_reached,call_not_reached,6,0,not_assessed_by_this_snapshot
stackcube-1b,1,0,b154d6dce2688fa551ec2afa2439bc70e05af9e3112c8c510db929165796c282,available,unsealed_at_audit_start,6,0,not_assessed_by_this_snapshot
stackcube-1b,1,12,bf5427936c8b0d68824bc69e16fba33c68882a80fe0413e7bacba5e677e734bd,available,unsealed_at_audit_start,6,0,not_assessed_by_this_snapshot
