call,target,alpha,score,gradient_l1,directional_derivative,gradient_tensor_sha256
0,Q,0,-0.4735737442970276,0.10434666580113117,0.006130984304450138,b97c1e4603936cdd82d695f4f8358fe8cbdca3e3b267b1a4617eae4ee5f2f7d6
0,Q,0.25,-0.48558807373046875,22.850326164159924,-1.4317692213953706,d4cb7a1e0c968f85cfb7fc5c23024c55bc4002181e82c925dae8a17fa7a7f887
0,Q,0.5,-0.47554606199264526,5.2690051519311965,0.3456572832120628,e970dd4fa8a8b096f54491ec05df3560c86e2c7f6b2277faf26411166676a5a8
0,Q,0.75,-0.005352284759283066,4.126468230388127,0.38965056163527834,242c7297ced98265c87d1dd584548272adca565ef34fac8f3b7b1fcf14989786
0,Q,0.9,-0.00045580603182315826,0.03636119253496872,0.007338510483601013,49451b136f3057241609ebdd37b036523e0d84aa39da0942dba2d8ddb2a46629
0,Q,0.99,-5.474107183545129e-06,0.004900941654682356,0.0010971137596342828,6ad675665c82c09781be7067aaba71a708268c617021d5030a47f94e87c53301
0,Q,1,-0.0,0.0,0.0,9694b17b014f8ca2f850c42fceed0df8b91e64fde7686f561122f01c4d2548d3
0,L2,0,-22.02134132385254,2.4260777725139633,0.14254648843265727,3643c1e443faf5bdf8b96cef87af3472b2572e96c9d6ab6d72ec29d3751fb66e
0,L2,0.25,-22.298927307128906,524.6605875939131,-32.87447769998107,3d7d9119f3ccd9312834682ec0ebee1f0263cb524dad110f07f89646f2fe5177
0,L2,0.5,-22.06715202331543,122.25096745789051,8.019907094076189,52dc7b117d720db956eebf5a18a235d157e9a4d5900350d1055ba53df5d3277f
0,L2,0.75,-2.341097831726074,902.4619288146496,85.21687548558839,af1c055209af44903e320c4e6a64854883d093a9125fdf9ca790a5dc65b2d888
0,L2,0.9,-0.6831876635551453,27.25010095536709,5.499685945048441,fbdd6b4ef78053dfd3981a1868b2bcb3060cef430b23258d53ea311b5d8f7469
0,L2,0.99,-0.0748697891831398,33.51528418622911,7.50265526525618,9547a88d885f4b82fb950a4469bae129709db2d38606daa5599ac061059d55f2
0,L2,1,-9.999999974752427e-07,0.0,0.0,9694b17b014f8ca2f850c42fceed0df8b91e64fde7686f561122f01c4d2548d3
12,Q,0,-0.6821948885917664,0.11914209628957906,0.009351968791946774,415190aa545ee953a188c7b7267dd76e53ec8213fad87a32e25f8335d545bec1
12,Q,0.25,-0.6787667870521545,0.2792581741377944,0.022550603583489703,3f6851230919e2142f2beb156b5fb3d2b1d85d11fdfef64fb5f723c55cf8c5df
12,Q,0.5,-0.04686279222369194,0.741352082855883,0.10407809163800152,62bfeed5f37746ebd67cf0fe48474130f0ed01bd1510fb1bf3d23ba30e250678
12,Q,0.75,-0.010790991596877575,0.4756708984277793,0.1140215335538528,aba43f155dc90af007648b22db2807930bab104b085ccd9685b00df28a912f5b
12,Q,0.9,-0.000823349051643163,0.06640511928344495,0.016945747854830273,0e68aa43afad4d4d643915f3dabf7e3be1f9ff2a739ae285df94148003c5d983
12,Q,0.99,-7.251008810271742e-06,0.004492341194008986,0.001460555531536345,69ee41353c13855e622eb3e5a5c0aa0e34a4c9ce866764f1d00c21c479cfd379
12,Q,1,-0.0,0.0,0.0,9694b17b014f8ca2f850c42fceed0df8b91e64fde7686f561122f01c4d2548d3
12,L2,0,-26.430429458618164,2.3079744403949007,0.1811626818030163,bbdf811e07e6ce6a1e600003993c15a2f98788e7d8e638cb1eeb6bf149d0b631
12,L2,0.25,-26.363937377929688,5.423324042931199,0.43794334299036564,0a08ac9bc969e4af4bf4b61e16e49ba64234b8962e159218208f7fdd8534473d
12,L2,0.5,-6.927300930023193,54.79366977699101,7.692457310315149,179b01f9fc9710dc72f1efa5c128c2e53d67acfde2a079c4b2985c1037217d67
12,L2,0.75,-3.324150323867798,73.2648961422965,17.562094205182802,4d863e22cd209baf6eb4590fafaf78a2f490b8a9734973d31c3023d946eff64e
12,L2,0.9,-0.9182099103927612,37.02793321479112,9.4490614483002,3a1e28993241601f651d8104455dadc2d5ed6d2bd52067c91a8cc290b5fbe2d2
12,L2,0.99,-0.08616863191127777,26.692760785110295,8.678382827219139,840fe5c3054b1f1000f66e78fbeeab212f06894bbd4090f7cb8a676d947a61c3
12,L2,1,-9.999999974752427e-07,0.0,0.0,9694b17b014f8ca2f850c42fceed0df8b91e64fde7686f561122f01c4d2548d3
