call,target,m,signed_gap,signed_ig_sum,absolute_residual,relative_residual,coordinate_l1,path_gradient_l1,max_product_discrepancy_fp64_reconstruction,report_sha256,raw_artifact_sha256
0,Q,256,0.4735737442970276,1.050121784210205,0.5765480399131775,1.2174408882591345,2.092316006484907,12.48875982122263,1.4901161193847656e-08,16ffc1c8cdf79d9056920305aee0757b4cf63ba5351f4e59144590ab7dd83e3a,8fe28be81947512c8c6a235b652837f9a1c4dcf23c795d3580765285021b58a0
0,Q,512,0.4735737442970276,0.6412472128868103,0.16767346858978271,0.3540598916409039,1.7433713637292385,10.537192297109868,1.4435499906539917e-08,16ffc1c8cdf79d9056920305aee0757b4cf63ba5351f4e59144590ab7dd83e3a,381e5292b32db77e286414fba478633f8704425b3fd02b8ea7b29afec9ae50c6
0,Q,1024,0.4735737442970276,0.4295312762260437,0.04404246807098389,0.09300023196252251,1.5647506850073114,9.97887356800129,1.1408701539039612e-08,16ffc1c8cdf79d9056920305aee0757b4cf63ba5351f4e59144590ab7dd83e3a,bf5f8213930aea0d2dbb9827ec59405f008d950379d9c4fc13ffe12f298b21aa
0,L2,256,22.021339416503906,40.66021728515625,18.638877868652344,0.8464007350380979,61.688804276287556,384.4980480442755,7.152557373046875e-07,31e395014a6ad840d5d0ed2c7d80f72c7bed7a32ee6bc2b7b5bb0d8c11467bdf,28f789ee2defec5b7635dd1b1b990875a28ade10674865ea2d5e77698e452915
0,L2,512,22.021339416503906,28.032989501953125,6.011650085449219,0.2729920270400893,50.81598673388362,305.36850630817935,2.384185791015625e-07,31e395014a6ad840d5d0ed2c7d80f72c7bed7a32ee6bc2b7b5bb0d8c11467bdf,08492df063a164585cdfb4eb0b236b6d4e61524beeacc5986276b503b8eeb065
0,L2,1024,22.021339416503906,21.464672088623047,0.5566673278808594,0.025278540844053506,45.167100105434656,265.38377360231243,4.76837158203125e-07,31e395014a6ad840d5d0ed2c7d80f72c7bed7a32ee6bc2b7b5bb0d8c11467bdf,e158cfe883acdc9e695ca0562a9f4e464f5d68dea430e72275907b00dd7f229b
12,Q,256,0.6821948885917664,1.5319726467132568,0.8497777581214905,1.245652484842946,1.5840990298747784,3.592361018523661,2.0489096641540527e-08,a64cb9eaa81694f7c73710f2c40d89abf65fc14c74ef1a7de893a7169b509f06,3e606e2270742ff6ec12f18c6bc5200d7ea4641fa3e3ccf8435cba102f96d06f
12,Q,512,0.6821948885917664,1.009007453918457,0.3268125653266907,0.47906041336856053,1.0484721033717506,2.3312620154042634,6.51925802230835e-09,a64cb9eaa81694f7c73710f2c40d89abf65fc14c74ef1a7de893a7169b509f06,29af7570d0f18109f4d996dd41d0e730c3e464d0a9592324e2fcc7312790cac2
12,Q,1024,0.6821948885917664,0.7602089047431946,0.07801401615142822,0.1143573741991385,0.7935805439337855,1.7379712810216006,1.3969838619232178e-08,a64cb9eaa81694f7c73710f2c40d89abf65fc14c74ef1a7de893a7169b509f06,956c60cbe09e849acac7180c8d61cdaf38ef3419dbb6884f553e467ecaf45f82
12,L2,256,26.43042755126953,42.062660217285156,15.632232666015625,0.5914483462551767,43.98600875493139,97.92094391185674,2.384185791015625e-07,62ad8a914fe1f873f50774ac387eb495cd270a3913a4ff919b0860834c003dc0,5163b6e30bef9cc6f0df61a13d4cee7d1f968f0b81510fdb40a2ddb17498db48
12,L2,512,26.43042755126953,34.23285675048828,7.80242919921875,0.2952063179486469,35.98846345208585,79.51833769062068,9.5367431640625e-07,62ad8a914fe1f873f50774ac387eb495cd270a3913a4ff919b0860834c003dc0,00b11ef88262770d425a198b5a9020fea49f09c765fbcf63d357ccb86e908603
12,L2,1024,26.43042755126953,28.189369201660156,1.758941650390625,0.0665498750248608,29.797131843864918,65.82337101909798,2.0489096641540527e-07,62ad8a914fe1f873f50774ac387eb495cd270a3913a4ff919b0860834c003dc0,00a6a35a3e4002273e65cfce54fa577d7cb058153a2e344128e8500199a5d46f
